student_code,name,email,password
STU2024001,Demo Student,student@eduanalytics.com,student123
STU20240001,Abhishek Pillai,abhishek.pillai1@eduanalytics.com,student123
STU20240002,Kavya Joshi,kavya.joshi2@eduanalytics.com,student123
STU20240003,Naveen Naidu,naveen.naidu3@eduanalytics.com,student123
STU20240004,Pooja Nambiar,pooja.nambiar4@eduanalytics.com,student123
STU20240005,Rajat Prasad,rajat.prasad5@eduanalytics.com,student123
STU20240006,Kavya Rastogi,kavya.rastogi6@eduanalytics.com,student123
STU20240007,Deepa Nair,deepa.nair7@eduanalytics.com,student123
STU20240008,Vivek Lal,vivek.lal8@eduanalytics.com,student123
STU20240009,Gaurav Bhat,gaurav.bhat9@eduanalytics.com,student123
STU20240010,Sneha Chopra,sneha.chopra10@eduanalytics.com,student123
STU20240011,Nandini Rao,nandini.rao11@eduanalytics.com,student123
STU20240012,Naveen Agarwal,naveen.agarwal12@eduanalytics.com,student123
STU20240013,Shreya Chopra,shreya.chopra13@eduanalytics.com,student123
STU20240014,Manish Jain,manish.jain14@eduanalytics.com,student123
STU20240015,Manish Trivedi,manish.trivedi15@eduanalytics.com,student123
STU20240016,Rajat Mehta,rajat.mehta16@eduanalytics.com,student123
STU20240017,Rohan Mehta,rohan.mehta17@eduanalytics.com,student123
STU20240018,Kunal Oberoi,kunal.oberoi18@eduanalytics.com,student123
STU20240019,Trisha Trivedi,trisha.trivedi19@eduanalytics.com,student123
STU20240020,Bhavna Rao,bhavna.rao20@eduanalytics.com,student123
STU20240021,Sanjana Varma,sanjana.varma21@eduanalytics.com,student123
STU20240022,Pooja Lal,pooja.lal22@eduanalytics.com,student123
STU20240023,Arjun Joshi,arjun.joshi23@eduanalytics.com,student123
STU20240024,Lakshmi Varma,lakshmi.varma24@eduanalytics.com,student123
STU20240025,Kunal Fernandes,kunal.fernandes25@eduanalytics.com,student123
STU20240026,Shreya Lal,shreya.lal26@eduanalytics.com,student123
STU20240027,Mansi Kapoor,mansi.kapoor27@eduanalytics.com,student123
STU20240028,Neha Upadhyay,neha.upadhyay28@eduanalytics.com,student123
STU20240029,Karthik Pillai,karthik.pillai29@eduanalytics.com,student123
STU20240030,Divya Khan,divya.khan30@eduanalytics.com,student123
STU20240031,Varun Mehta,varun.mehta31@eduanalytics.com,student123
STU20240032,Siddharth Patel,siddharth.patel32@eduanalytics.com,student123
STU20240033,Vivek Lal,vivek.lal33@eduanalytics.com,student123
STU20240034,Abhishek Prasad,abhishek.prasad34@eduanalytics.com,student123
STU20240035,Dhruv Hegde,dhruv.hegde35@eduanalytics.com,student123
STU20240036,Vikram Shetty,vikram.shetty36@eduanalytics.com,student123
STU20240037,Riya Kapoor,riya.kapoor37@eduanalytics.com,student123
STU20240038,Dhruv Naidu,dhruv.naidu38@eduanalytics.com,student123
STU20240039,Karthik Nambiar,karthik.nambiar39@eduanalytics.com,student123
STU20240040,Siddharth Fernandes,siddharth.fernandes40@eduanalytics.com,student123
STU20240041,Suresh Mehta,suresh.mehta41@eduanalytics.com,student123
STU20240042,Varun Iyer,varun.iyer42@eduanalytics.com,student123
STU20240043,Mansi Rastogi,mansi.rastogi43@eduanalytics.com,student123
STU20240044,Komal Nair,komal.nair44@eduanalytics.com,student123
STU20240045,Aditya Reddy,aditya.reddy45@eduanalytics.com,student123
STU20240046,Arjun Bhat,arjun.bhat46@eduanalytics.com,student123
STU20240047,Suresh Pillai,suresh.pillai47@eduanalytics.com,student123
STU20240048,Lakshmi Upadhyay,lakshmi.upadhyay48@eduanalytics.com,student123
STU20240049,Rahul Gupta,rahul.gupta49@eduanalytics.com,student123
STU20240050,Bhavna Menon,bhavna.menon50@eduanalytics.com,student123
STU20240051,Yash Verma,yash.verma51@eduanalytics.com,student123
STU20240052,Swati Pillai,swati.pillai52@eduanalytics.com,student123
STU20240053,Vivek Agarwal,vivek.agarwal53@eduanalytics.com,student123
STU20240054,Meera Kulkarni,meera.kulkarni54@eduanalytics.com,student123
STU20240055,Priya Reddy,priya.reddy55@eduanalytics.com,student123
STU20240056,Tarun Yadav,tarun.yadav56@eduanalytics.com,student123
STU20240057,Anjali Bhat,anjali.bhat57@eduanalytics.com,student123
STU20240058,Nandini Pillai,nandini.pillai58@eduanalytics.com,student123
STU20240059,Manish Kulkarni,manish.kulkarni59@eduanalytics.com,student123
STU20240060,Tarun Khan,tarun.khan60@eduanalytics.com,student123
STU20240061,Aishwarya Upadhyay,aishwarya.upadhyay61@eduanalytics.com,student123
STU20240062,Rajat Varma,rajat.varma62@eduanalytics.com,student123
STU20240063,Neha Singh,neha.singh63@eduanalytics.com,student123
STU20240064,Aishwarya Joshi,aishwarya.joshi64@eduanalytics.com,student123
STU20240065,Varun Lal,varun.lal65@eduanalytics.com,student123
STU20240066,Meera Banerjee,meera.banerjee66@eduanalytics.com,student123
STU20240067,Trisha Mehta,trisha.mehta67@eduanalytics.com,student123
STU20240068,Rajat Iyer,rajat.iyer68@eduanalytics.com,student123
STU20240069,Yash Lal,yash.lal69@eduanalytics.com,student123
STU20240070,Lakshmi Saxena,lakshmi.saxena70@eduanalytics.com,student123
STU20240071,Simran Banerjee,simran.banerjee71@eduanalytics.com,student123
STU20240072,Suresh Banerjee,suresh.banerjee72@eduanalytics.com,student123
STU20240073,Kunal Singh,kunal.singh73@eduanalytics.com,student123
STU20240074,Yash Menon,yash.menon74@eduanalytics.com,student123
STU20240075,Vikram Kapoor,vikram.kapoor75@eduanalytics.com,student123
STU20240076,Ishita Banerjee,ishita.banerjee76@eduanalytics.com,student123
STU20240077,Kunal Nambiar,kunal.nambiar77@eduanalytics.com,student123
STU20240078,Tanvi Lal,tanvi.lal78@eduanalytics.com,student123
STU20240079,Lakshmi Yadav,lakshmi.yadav79@eduanalytics.com,student123
STU20240080,Rahul Iyer,rahul.iyer80@eduanalytics.com,student123
STU20240081,Meera Desai,meera.desai81@eduanalytics.com,student123
STU20240082,Tarun Pillai,tarun.pillai82@eduanalytics.com,student123
STU20240083,Radhika Menon,radhika.menon83@eduanalytics.com,student123
STU20240084,Dhruv Jain,dhruv.jain84@eduanalytics.com,student123
STU20240085,Riya Mehta,riya.mehta85@eduanalytics.com,student123
STU20240086,Manish Rastogi,manish.rastogi86@eduanalytics.com,student123
STU20240087,Arjun Bhat,arjun.bhat87@eduanalytics.com,student123
STU20240088,Anjali Menon,anjali.menon88@eduanalytics.com,student123
STU20240089,Karthik Varma,karthik.varma89@eduanalytics.com,student123
STU20240090,Simran Saxena,simran.saxena90@eduanalytics.com,student123
STU20240091,Naveen Mehta,naveen.mehta91@eduanalytics.com,student123
STU20240092,Suresh Rao,suresh.rao92@eduanalytics.com,student123
STU20240093,Harsh Rastogi,harsh.rastogi93@eduanalytics.com,student123
STU20240094,Rajat Khan,rajat.khan94@eduanalytics.com,student123
STU20240095,Priya Chatterjee,priya.chatterjee95@eduanalytics.com,student123
STU20240096,Naveen Patel,naveen.patel96@eduanalytics.com,student123
STU20240097,Anjali Chopra,anjali.chopra97@eduanalytics.com,student123
STU20240098,Tarun Rao,tarun.rao98@eduanalytics.com,student123
STU20240099,Aishwarya Patel,aishwarya.patel99@eduanalytics.com,student123
STU20240100,Suresh Prasad,suresh.prasad100@eduanalytics.com,student123
STU20240101,Pooja Chopra,pooja.chopra101@eduanalytics.com,student123
STU20240102,Rajat Lal,rajat.lal102@eduanalytics.com,student123
STU20240103,Kavya Patel,kavya.patel103@eduanalytics.com,student123
STU20240104,Nandini Rastogi,nandini.rastogi104@eduanalytics.com,student123
STU20240105,Kunal Fernandes,kunal.fernandes105@eduanalytics.com,student123
STU20240106,Kunal Hegde,kunal.hegde106@eduanalytics.com,student123
STU20240107,Arjun Agarwal,arjun.agarwal107@eduanalytics.com,student123
STU20240108,Vivek Rastogi,vivek.rastogi108@eduanalytics.com,student123
STU20240109,Naveen Gupta,naveen.gupta109@eduanalytics.com,student123
STU20240110,Aditya Lal,aditya.lal110@eduanalytics.com,student123
STU20240111,Nikhil Chatterjee,nikhil.chatterjee111@eduanalytics.com,student123
STU20240112,Harsh Patel,harsh.patel112@eduanalytics.com,student123
STU20240113,Abhishek Desai,abhishek.desai113@eduanalytics.com,student123
STU20240114,Yash Fernandes,yash.fernandes114@eduanalytics.com,student123
STU20240115,Naveen Kapoor,naveen.kapoor115@eduanalytics.com,student123
STU20240116,Simran Yadav,simran.yadav116@eduanalytics.com,student123
STU20240117,Siddharth Nair,siddharth.nair117@eduanalytics.com,student123
STU20240118,Kunal Iyer,kunal.iyer118@eduanalytics.com,student123
STU20240119,Dhruv Prasad,dhruv.prasad119@eduanalytics.com,student123
STU20240120,Simran Singh,simran.singh120@eduanalytics.com,student123
STU20240121,Radhika Malhotra,radhika.malhotra121@eduanalytics.com,student123
STU20240122,Vikram Lal,vikram.lal122@eduanalytics.com,student123
STU20240123,Karthik Upadhyay,karthik.upadhyay123@eduanalytics.com,student123
STU20240124,Arjun Fernandes,arjun.fernandes124@eduanalytics.com,student123
STU20240125,Sanjana Menon,sanjana.menon125@eduanalytics.com,student123
STU20240126,Naveen Upadhyay,naveen.upadhyay126@eduanalytics.com,student123
STU20240127,Rahul Patel,rahul.patel127@eduanalytics.com,student123
STU20240128,Vivek Fernandes,vivek.fernandes128@eduanalytics.com,student123
STU20240129,Arjun Banerjee,arjun.banerjee129@eduanalytics.com,student123
STU20240130,Shreya Banerjee,shreya.banerjee130@eduanalytics.com,student123
STU20240131,Naveen Chatterjee,naveen.chatterjee131@eduanalytics.com,student123
STU20240132,Yash Kulkarni,yash.kulkarni132@eduanalytics.com,student123
STU20240133,Arjun Trivedi,arjun.trivedi133@eduanalytics.com,student123
STU20240134,Rahul Oberoi,rahul.oberoi134@eduanalytics.com,student123
STU20240135,Neha Saxena,neha.saxena135@eduanalytics.com,student123
STU20240136,Vivek Jain,vivek.jain136@eduanalytics.com,student123
STU20240137,Siddharth Kapoor,siddharth.kapoor137@eduanalytics.com,student123
STU20240138,Mansi Mehta,mansi.mehta138@eduanalytics.com,student123
STU20240139,Ishita Yadav,ishita.yadav139@eduanalytics.com,student123
STU20240140,Simran Prasad,simran.prasad140@eduanalytics.com,student123
STU20240141,Rohan Malhotra,rohan.malhotra141@eduanalytics.com,student123
STU20240142,Riya Desai,riya.desai142@eduanalytics.com,student123
STU20240143,Varun Patel,varun.patel143@eduanalytics.com,student123
STU20240144,Mansi Upadhyay,mansi.upadhyay144@eduanalytics.com,student123
STU20240145,Swati Iyer,swati.iyer145@eduanalytics.com,student123
STU20240146,Priya Fernandes,priya.fernandes146@eduanalytics.com,student123
STU20240147,Tarun Desai,tarun.desai147@eduanalytics.com,student123
STU20240148,Lakshmi Desai,lakshmi.desai148@eduanalytics.com,student123
STU20240149,Vikram Oberoi,vikram.oberoi149@eduanalytics.com,student123
STU20240150,Riya Joshi,riya.joshi150@eduanalytics.com,student123
STU20240151,Pranav Lal,pranav.lal151@eduanalytics.com,student123
STU20240152,Bhavna Sharma,bhavna.sharma152@eduanalytics.com,student123
STU20240153,Komal Rao,komal.rao153@eduanalytics.com,student123
STU20240154,Sneha Patel,sneha.patel154@eduanalytics.com,student123
STU20240155,Radhika Gupta,radhika.gupta155@eduanalytics.com,student123
STU20240156,Nandini Bhat,nandini.bhat156@eduanalytics.com,student123
STU20240157,Suresh Mehta,suresh.mehta157@eduanalytics.com,student123
STU20240158,Sanjana Oberoi,sanjana.oberoi158@eduanalytics.com,student123
STU20240159,Lakshmi Patel,lakshmi.patel159@eduanalytics.com,student123
STU20240160,Sneha Bhat,sneha.bhat160@eduanalytics.com,student123
STU20240161,Abhishek Chatterjee,abhishek.chatterjee161@eduanalytics.com,student123
STU20240162,Sanjana Agarwal,sanjana.agarwal162@eduanalytics.com,student123
STU20240163,Shreya Iyer,shreya.iyer163@eduanalytics.com,student123
STU20240164,Bhavna Rastogi,bhavna.rastogi164@eduanalytics.com,student123
STU20240165,Kunal Chopra,kunal.chopra165@eduanalytics.com,student123
STU20240166,Divya Reddy,divya.reddy166@eduanalytics.com,student123
STU20240167,Aarav Yadav,aarav.yadav167@eduanalytics.com,student123
STU20240168,Naveen Agarwal,naveen.agarwal168@eduanalytics.com,student123
STU20240169,Priya Patel,priya.patel169@eduanalytics.com,student123
STU20240170,Deepa Reddy,deepa.reddy170@eduanalytics.com,student123
STU20240171,Karthik Malhotra,karthik.malhotra171@eduanalytics.com,student123
STU20240172,Aishwarya Reddy,aishwarya.reddy172@eduanalytics.com,student123
STU20240173,Siddharth Kapoor,siddharth.kapoor173@eduanalytics.com,student123
STU20240174,Tanvi Sharma,tanvi.sharma174@eduanalytics.com,student123
STU20240175,Tanvi Hegde,tanvi.hegde175@eduanalytics.com,student123
STU20240176,Meera Banerjee,meera.banerjee176@eduanalytics.com,student123
STU20240177,Manish Sharma,manish.sharma177@eduanalytics.com,student123
STU20240178,Rajat Khan,rajat.khan178@eduanalytics.com,student123
STU20240179,Arjun Rao,arjun.rao179@eduanalytics.com,student123
STU20240180,Mansi Hegde,mansi.hegde180@eduanalytics.com,student123
STU20240181,Aishwarya Nambiar,aishwarya.nambiar181@eduanalytics.com,student123
STU20240182,Ayush Mehta,ayush.mehta182@eduanalytics.com,student123
STU20240183,Vivek Khan,vivek.khan183@eduanalytics.com,student123
STU20240184,Vikram Kulkarni,vikram.kulkarni184@eduanalytics.com,student123
STU20240185,Tanvi Rastogi,tanvi.rastogi185@eduanalytics.com,student123
STU20240186,Vikram Agarwal,vikram.agarwal186@eduanalytics.com,student123
STU20240187,Yash Upadhyay,yash.upadhyay187@eduanalytics.com,student123
STU20240188,Komal Kulkarni,komal.kulkarni188@eduanalytics.com,student123
STU20240189,Ayush Fernandes,ayush.fernandes189@eduanalytics.com,student123
STU20240190,Tarun Naidu,tarun.naidu190@eduanalytics.com,student123
STU20240191,Ishita Chatterjee,ishita.chatterjee191@eduanalytics.com,student123
STU20240192,Radhika Jain,radhika.jain192@eduanalytics.com,student123
STU20240193,Naveen Das,naveen.das193@eduanalytics.com,student123
STU20240194,Aarav Sharma,aarav.sharma194@eduanalytics.com,student123
STU20240195,Sneha Menon,sneha.menon195@eduanalytics.com,student123
STU20240196,Rahul Mehta,rahul.mehta196@eduanalytics.com,student123
STU20240197,Deepa Kulkarni,deepa.kulkarni197@eduanalytics.com,student123
STU20240198,Divya Iyer,divya.iyer198@eduanalytics.com,student123
STU20240199,Varun Gupta,varun.gupta199@eduanalytics.com,student123
STU20240200,Tanvi Saxena,tanvi.saxena200@eduanalytics.com,student123
STU20240201,Karthik Desai,karthik.desai201@eduanalytics.com,student123
STU20240202,Aarav Trivedi,aarav.trivedi202@eduanalytics.com,student123
STU20240203,Naveen Rastogi,naveen.rastogi203@eduanalytics.com,student123
STU20240204,Pranav Yadav,pranav.yadav204@eduanalytics.com,student123
STU20240205,Rohan Das,rohan.das205@eduanalytics.com,student123
STU20240206,Riya Rastogi,riya.rastogi206@eduanalytics.com,student123
STU20240207,Nandini Chatterjee,nandini.chatterjee207@eduanalytics.com,student123
STU20240208,Pranav Reddy,pranav.reddy208@eduanalytics.com,student123
STU20240209,Neha Banerjee,neha.banerjee209@eduanalytics.com,student123
STU20240210,Anjali Rao,anjali.rao210@eduanalytics.com,student123
STU20240211,Ananya Gupta,ananya.gupta211@eduanalytics.com,student123
STU20240212,Aarav Gupta,aarav.gupta212@eduanalytics.com,student123
STU20240213,Tarun Lal,tarun.lal213@eduanalytics.com,student123
STU20240214,Vivek Joshi,vivek.joshi214@eduanalytics.com,student123
STU20240215,Abhishek Hegde,abhishek.hegde215@eduanalytics.com,student123
STU20240216,Ananya Hegde,ananya.hegde216@eduanalytics.com,student123
STU20240217,Naveen Fernandes,naveen.fernandes217@eduanalytics.com,student123
STU20240218,Riya Das,riya.das218@eduanalytics.com,student123
STU20240219,Tanvi Joshi,tanvi.joshi219@eduanalytics.com,student123
STU20240220,Abhishek Verma,abhishek.verma220@eduanalytics.com,student123
STU20240221,Riya Hegde,riya.hegde221@eduanalytics.com,student123
STU20240222,Mansi Jain,mansi.jain222@eduanalytics.com,student123
STU20240223,Mansi Singh,mansi.singh223@eduanalytics.com,student123
STU20240224,Harsh Khan,harsh.khan224@eduanalytics.com,student123
STU20240225,Tarun Rao,tarun.rao225@eduanalytics.com,student123
STU20240226,Gaurav Naidu,gaurav.naidu226@eduanalytics.com,student123
STU20240227,Manish Rao,manish.rao227@eduanalytics.com,student123
STU20240228,Ananya Chopra,ananya.chopra228@eduanalytics.com,student123
STU20240229,Meera Upadhyay,meera.upadhyay229@eduanalytics.com,student123
STU20240230,Arjun Prasad,arjun.prasad230@eduanalytics.com,student123
STU20240231,Nandini Menon,nandini.menon231@eduanalytics.com,student123
STU20240232,Nandini Trivedi,nandini.trivedi232@eduanalytics.com,student123
STU20240233,Rajat Khan,rajat.khan233@eduanalytics.com,student123
STU20240234,Manish Trivedi,manish.trivedi234@eduanalytics.com,student123
STU20240235,Bhavna Prasad,bhavna.prasad235@eduanalytics.com,student123
STU20240236,Priya Mehta,priya.mehta236@eduanalytics.com,student123
STU20240237,Ishita Oberoi,ishita.oberoi237@eduanalytics.com,student123
STU20240238,Komal Oberoi,komal.oberoi238@eduanalytics.com,student123
STU20240239,Rohan Shetty,rohan.shetty239@eduanalytics.com,student123
STU20240240,Vivek Trivedi,vivek.trivedi240@eduanalytics.com,student123
STU20240241,Aditya Mehta,aditya.mehta241@eduanalytics.com,student123
STU20240242,Sanjana Trivedi,sanjana.trivedi242@eduanalytics.com,student123
STU20240243,Tarun Lal,tarun.lal243@eduanalytics.com,student123
STU20240244,Deepa Gupta,deepa.gupta244@eduanalytics.com,student123
STU20240245,Dhruv Prasad,dhruv.prasad245@eduanalytics.com,student123
STU20240246,Shreya Verma,shreya.verma246@eduanalytics.com,student123
STU20240247,Komal Malhotra,komal.malhotra247@eduanalytics.com,student123
STU20240248,Sanjana Patel,sanjana.patel248@eduanalytics.com,student123
STU20240249,Simran Oberoi,simran.oberoi249@eduanalytics.com,student123
STU20240250,Divya Malhotra,divya.malhotra250@eduanalytics.com,student123
STU20240251,Rajat Shetty,rajat.shetty251@eduanalytics.com,student123
STU20240252,Suresh Banerjee,suresh.banerjee252@eduanalytics.com,student123
STU20240253,Divya Joshi,divya.joshi253@eduanalytics.com,student123
STU20240254,Gaurav Saxena,gaurav.saxena254@eduanalytics.com,student123
STU20240255,Anjali Nambiar,anjali.nambiar255@eduanalytics.com,student123
STU20240256,Sanjana Singh,sanjana.singh256@eduanalytics.com,student123
STU20240257,Ananya Naidu,ananya.naidu257@eduanalytics.com,student123
STU20240258,Divya Rastogi,divya.rastogi258@eduanalytics.com,student123
STU20240259,Kavya Agarwal,kavya.agarwal259@eduanalytics.com,student123
STU20240260,Lakshmi Pillai,lakshmi.pillai260@eduanalytics.com,student123
STU20240261,Pooja Fernandes,pooja.fernandes261@eduanalytics.com,student123
STU20240262,Ananya Oberoi,ananya.oberoi262@eduanalytics.com,student123
STU20240263,Rohan Hegde,rohan.hegde263@eduanalytics.com,student123
STU20240264,Rahul Bhat,rahul.bhat264@eduanalytics.com,student123
STU20240265,Karthik Upadhyay,karthik.upadhyay265@eduanalytics.com,student123
STU20240266,Tarun Bhat,tarun.bhat266@eduanalytics.com,student123
STU20240267,Priya Rao,priya.rao267@eduanalytics.com,student123
STU20240268,Shreya Verma,shreya.verma268@eduanalytics.com,student123
STU20240269,Swati Mehta,swati.mehta269@eduanalytics.com,student123
STU20240270,Nandini Joshi,nandini.joshi270@eduanalytics.com,student123
STU20240271,Siddharth Sharma,siddharth.sharma271@eduanalytics.com,student123
STU20240272,Ayush Chopra,ayush.chopra272@eduanalytics.com,student123
STU20240273,Trisha Kulkarni,trisha.kulkarni273@eduanalytics.com,student123
STU20240274,Vikram Prasad,vikram.prasad274@eduanalytics.com,student123
STU20240275,Tanvi Agarwal,tanvi.agarwal275@eduanalytics.com,student123
STU20240276,Gaurav Joshi,gaurav.joshi276@eduanalytics.com,student123
STU20240277,Divya Gupta,divya.gupta277@eduanalytics.com,student123
STU20240278,Komal Rao,komal.rao278@eduanalytics.com,student123
STU20240279,Mansi Mehta,mansi.mehta279@eduanalytics.com,student123
STU20240280,Trisha Prasad,trisha.prasad280@eduanalytics.com,student123
STU20240281,Aishwarya Singh,aishwarya.singh281@eduanalytics.com,student123
STU20240282,Naveen Bhat,naveen.bhat282@eduanalytics.com,student123
STU20240283,Harsh Nair,harsh.nair283@eduanalytics.com,student123
STU20240284,Pooja Verma,pooja.verma284@eduanalytics.com,student123
STU20240285,Meera Upadhyay,meera.upadhyay285@eduanalytics.com,student123
STU20240286,Lakshmi Banerjee,lakshmi.banerjee286@eduanalytics.com,student123
STU20240287,Neha Reddy,neha.reddy287@eduanalytics.com,student123
STU20240288,Riya Bhat,riya.bhat288@eduanalytics.com,student123
STU20240289,Pranav Yadav,pranav.yadav289@eduanalytics.com,student123
STU20240290,Tarun Sharma,tarun.sharma290@eduanalytics.com,student123
STU20240291,Aditya Gupta,aditya.gupta291@eduanalytics.com,student123
STU20240292,Pooja Nambiar,pooja.nambiar292@eduanalytics.com,student123
STU20240293,Naveen Malhotra,naveen.malhotra293@eduanalytics.com,student123
STU20240294,Priya Prasad,priya.prasad294@eduanalytics.com,student123
STU20240295,Sneha Saxena,sneha.saxena295@eduanalytics.com,student123
STU20240296,Pranav Hegde,pranav.hegde296@eduanalytics.com,student123
STU20240297,Simran Ghosh,simran.ghosh297@eduanalytics.com,student123
STU20240298,Ananya Pillai,ananya.pillai298@eduanalytics.com,student123
STU20240299,Dhruv Trivedi,dhruv.trivedi299@eduanalytics.com,student123
STU20240300,Naveen Kapoor,naveen.kapoor300@eduanalytics.com,student123
STU20240301,Swati Upadhyay,swati.upadhyay301@eduanalytics.com,student123
STU20240302,Lakshmi Mehta,lakshmi.mehta302@eduanalytics.com,student123
STU20240303,Harsh Pillai,harsh.pillai303@eduanalytics.com,student123
STU20240304,Tanvi Kapoor,tanvi.kapoor304@eduanalytics.com,student123
STU20240305,Harsh Pillai,harsh.pillai305@eduanalytics.com,student123
STU20240306,Yash Gupta,yash.gupta306@eduanalytics.com,student123
STU20240307,Pooja Kulkarni,pooja.kulkarni307@eduanalytics.com,student123
STU20240308,Kavya Sharma,kavya.sharma308@eduanalytics.com,student123
STU20240309,Tanvi Jain,tanvi.jain309@eduanalytics.com,student123
STU20240310,Varun Yadav,varun.yadav310@eduanalytics.com,student123
STU20240311,Aarav Kulkarni,aarav.kulkarni311@eduanalytics.com,student123
STU20240312,Lakshmi Reddy,lakshmi.reddy312@eduanalytics.com,student123
STU20240313,Deepa Joshi,deepa.joshi313@eduanalytics.com,student123
STU20240314,Suresh Malhotra,suresh.malhotra314@eduanalytics.com,student123
STU20240315,Anjali Oberoi,anjali.oberoi315@eduanalytics.com,student123
STU20240316,Komal Nair,komal.nair316@eduanalytics.com,student123
STU20240317,Ishita Rao,ishita.rao317@eduanalytics.com,student123
STU20240318,Radhika Reddy,radhika.reddy318@eduanalytics.com,student123
STU20240319,Trisha Patel,trisha.patel319@eduanalytics.com,student123
STU20240320,Yash Yadav,yash.yadav320@eduanalytics.com,student123
STU20240321,Naveen Oberoi,naveen.oberoi321@eduanalytics.com,student123
STU20240322,Gaurav Rao,gaurav.rao322@eduanalytics.com,student123
STU20240323,Mohit Hegde,mohit.hegde323@eduanalytics.com,student123
STU20240324,Sneha Nair,sneha.nair324@eduanalytics.com,student123
STU20240325,Ananya Menon,ananya.menon325@eduanalytics.com,student123
STU20240326,Simran Naidu,simran.naidu326@eduanalytics.com,student123
STU20240327,Dhruv Menon,dhruv.menon327@eduanalytics.com,student123
STU20240328,Sanjana Jain,sanjana.jain328@eduanalytics.com,student123
STU20240329,Trisha Varma,trisha.varma329@eduanalytics.com,student123
STU20240330,Abhishek Malhotra,abhishek.malhotra330@eduanalytics.com,student123
STU20240331,Meera Fernandes,meera.fernandes331@eduanalytics.com,student123
STU20240332,Deepa Das,deepa.das332@eduanalytics.com,student123
STU20240333,Naveen Fernandes,naveen.fernandes333@eduanalytics.com,student123
STU20240334,Lakshmi Trivedi,lakshmi.trivedi334@eduanalytics.com,student123
STU20240335,Siddharth Bhat,siddharth.bhat335@eduanalytics.com,student123
STU20240336,Nikhil Oberoi,nikhil.oberoi336@eduanalytics.com,student123
STU20240337,Aishwarya Verma,aishwarya.verma337@eduanalytics.com,student123
STU20240338,Tanvi Verma,tanvi.verma338@eduanalytics.com,student123
STU20240339,Yash Nambiar,yash.nambiar339@eduanalytics.com,student123
STU20240340,Aarav Patel,aarav.patel340@eduanalytics.com,student123
STU20240341,Arjun Desai,arjun.desai341@eduanalytics.com,student123
STU20240342,Pranav Verma,pranav.verma342@eduanalytics.com,student123
STU20240343,Kavya Prasad,kavya.prasad343@eduanalytics.com,student123
STU20240344,Bhavna Ghosh,bhavna.ghosh344@eduanalytics.com,student123
STU20240345,Neha Khan,neha.khan345@eduanalytics.com,student123
STU20240346,Aditya Nambiar,aditya.nambiar346@eduanalytics.com,student123
STU20240347,Naveen Sharma,naveen.sharma347@eduanalytics.com,student123
STU20240348,Aishwarya Varma,aishwarya.varma348@eduanalytics.com,student123
STU20240349,Mansi Sharma,mansi.sharma349@eduanalytics.com,student123
STU20240350,Pooja Pillai,pooja.pillai350@eduanalytics.com,student123
STU20240351,Simran Varma,simran.varma351@eduanalytics.com,student123
STU20240352,Simran Naidu,simran.naidu352@eduanalytics.com,student123
STU20240353,Vivek Khan,vivek.khan353@eduanalytics.com,student123
STU20240354,Rahul Varma,rahul.varma354@eduanalytics.com,student123
STU20240355,Yash Lal,yash.lal355@eduanalytics.com,student123
STU20240356,Anjali Menon,anjali.menon356@eduanalytics.com,student123
STU20240357,Simran Joshi,simran.joshi357@eduanalytics.com,student123
STU20240358,Rohan Ghosh,rohan.ghosh358@eduanalytics.com,student123
STU20240359,Vikram Agarwal,vikram.agarwal359@eduanalytics.com,student123
STU20240360,Shreya Jain,shreya.jain360@eduanalytics.com,student123
STU20240361,Aishwarya Varma,aishwarya.varma361@eduanalytics.com,student123
STU20240362,Naveen Shetty,naveen.shetty362@eduanalytics.com,student123
STU20240363,Vikram Chopra,vikram.chopra363@eduanalytics.com,student123
STU20240364,Lakshmi Gupta,lakshmi.gupta364@eduanalytics.com,student123
STU20240365,Trisha Lal,trisha.lal365@eduanalytics.com,student123
STU20240366,Aishwarya Reddy,aishwarya.reddy366@eduanalytics.com,student123
STU20240367,Rohan Khan,rohan.khan367@eduanalytics.com,student123
STU20240368,Abhishek Bhat,abhishek.bhat368@eduanalytics.com,student123
STU20240369,Vikram Gupta,vikram.gupta369@eduanalytics.com,student123
STU20240370,Rohan Chopra,rohan.chopra370@eduanalytics.com,student123
STU20240371,Deepa Chatterjee,deepa.chatterjee371@eduanalytics.com,student123
STU20240372,Rohan Sharma,rohan.sharma372@eduanalytics.com,student123
STU20240373,Ayush Nair,ayush.nair373@eduanalytics.com,student123
STU20240374,Trisha Desai,trisha.desai374@eduanalytics.com,student123
STU20240375,Mohit Reddy,mohit.reddy375@eduanalytics.com,student123
STU20240376,Anjali Kulkarni,anjali.kulkarni376@eduanalytics.com,student123
STU20240377,Aarav Jain,aarav.jain377@eduanalytics.com,student123
STU20240378,Karthik Rastogi,karthik.rastogi378@eduanalytics.com,student123
STU20240379,Abhishek Agarwal,abhishek.agarwal379@eduanalytics.com,student123
STU20240380,Pooja Lal,pooja.lal380@eduanalytics.com,student123
STU20240381,Mansi Menon,mansi.menon381@eduanalytics.com,student123
STU20240382,Ananya Reddy,ananya.reddy382@eduanalytics.com,student123
STU20240383,Meera Khan,meera.khan383@eduanalytics.com,student123
STU20240384,Rahul Pillai,rahul.pillai384@eduanalytics.com,student123
STU20240385,Priya Joshi,priya.joshi385@eduanalytics.com,student123
STU20240386,Varun Iyer,varun.iyer386@eduanalytics.com,student123
STU20240387,Komal Fernandes,komal.fernandes387@eduanalytics.com,student123
STU20240388,Ayush Menon,ayush.menon388@eduanalytics.com,student123
STU20240389,Naveen Verma,naveen.verma389@eduanalytics.com,student123
STU20240390,Sneha Chopra,sneha.chopra390@eduanalytics.com,student123
STU20240391,Rajat Naidu,rajat.naidu391@eduanalytics.com,student123
STU20240392,Vivek Bhat,vivek.bhat392@eduanalytics.com,student123
STU20240393,Sanjana Hegde,sanjana.hegde393@eduanalytics.com,student123
STU20240394,Aarav Kapoor,aarav.kapoor394@eduanalytics.com,student123
STU20240395,Deepa Kulkarni,deepa.kulkarni395@eduanalytics.com,student123
STU20240396,Nandini Prasad,nandini.prasad396@eduanalytics.com,student123
STU20240397,Bhavna Prasad,bhavna.prasad397@eduanalytics.com,student123
STU20240398,Pooja Singh,pooja.singh398@eduanalytics.com,student123
STU20240399,Deepa Fernandes,deepa.fernandes399@eduanalytics.com,student123
STU20240400,Nikhil Prasad,nikhil.prasad400@eduanalytics.com,student123
STU20240401,Vikram Rao,vikram.rao401@eduanalytics.com,student123
STU20240402,Nandini Iyer,nandini.iyer402@eduanalytics.com,student123
STU20240403,Anjali Yadav,anjali.yadav403@eduanalytics.com,student123
STU20240404,Manish Das,manish.das404@eduanalytics.com,student123
STU20240405,Kavya Menon,kavya.menon405@eduanalytics.com,student123
STU20240406,Pranav Iyer,pranav.iyer406@eduanalytics.com,student123
STU20240407,Ayush Saxena,ayush.saxena407@eduanalytics.com,student123
STU20240408,Radhika Yadav,radhika.yadav408@eduanalytics.com,student123
STU20240409,Pranav Jain,pranav.jain409@eduanalytics.com,student123
STU20240410,Tanvi Jain,tanvi.jain410@eduanalytics.com,student123
STU20240411,Harsh Khan,harsh.khan411@eduanalytics.com,student123
STU20240412,Meera Jain,meera.jain412@eduanalytics.com,student123
STU20240413,Vivek Chopra,vivek.chopra413@eduanalytics.com,student123
STU20240414,Dhruv Mehta,dhruv.mehta414@eduanalytics.com,student123
STU20240415,Tanvi Bhat,tanvi.bhat415@eduanalytics.com,student123
STU20240416,Komal Upadhyay,komal.upadhyay416@eduanalytics.com,student123
STU20240417,Komal Malhotra,komal.malhotra417@eduanalytics.com,student123
STU20240418,Varun Desai,varun.desai418@eduanalytics.com,student123
STU20240419,Tarun Sharma,tarun.sharma419@eduanalytics.com,student123
STU20240420,Neha Sharma,neha.sharma420@eduanalytics.com,student123
STU20240421,Siddharth Chatterjee,siddharth.chatterjee421@eduanalytics.com,student123
STU20240422,Manish Banerjee,manish.banerjee422@eduanalytics.com,student123
STU20240423,Pranav Nambiar,pranav.nambiar423@eduanalytics.com,student123
STU20240424,Vivek Lal,vivek.lal424@eduanalytics.com,student123
STU20240425,Ishita Das,ishita.das425@eduanalytics.com,student123
STU20240426,Radhika Sharma,radhika.sharma426@eduanalytics.com,student123
STU20240427,Tanvi Trivedi,tanvi.trivedi427@eduanalytics.com,student123
STU20240428,Kavya Reddy,kavya.reddy428@eduanalytics.com,student123
STU20240429,Varun Patel,varun.patel429@eduanalytics.com,student123
STU20240430,Rahul Pillai,rahul.pillai430@eduanalytics.com,student123
STU20240431,Tanvi Bhat,tanvi.bhat431@eduanalytics.com,student123
STU20240432,Abhishek Upadhyay,abhishek.upadhyay432@eduanalytics.com,student123
STU20240433,Ananya Varma,ananya.varma433@eduanalytics.com,student123
STU20240434,Ananya Menon,ananya.menon434@eduanalytics.com,student123
STU20240435,Tarun Banerjee,tarun.banerjee435@eduanalytics.com,student123
STU20240436,Komal Khan,komal.khan436@eduanalytics.com,student123
STU20240437,Tanvi Shetty,tanvi.shetty437@eduanalytics.com,student123
STU20240438,Simran Jain,simran.jain438@eduanalytics.com,student123
STU20240439,Arjun Oberoi,arjun.oberoi439@eduanalytics.com,student123
STU20240440,Anjali Banerjee,anjali.banerjee440@eduanalytics.com,student123
STU20240441,Manish Verma,manish.verma441@eduanalytics.com,student123
STU20240442,Arjun Menon,arjun.menon442@eduanalytics.com,student123
STU20240443,Priya Jain,priya.jain443@eduanalytics.com,student123
STU20240444,Deepa Hegde,deepa.hegde444@eduanalytics.com,student123
STU20240445,Vivek Reddy,vivek.reddy445@eduanalytics.com,student123
STU20240446,Nikhil Gupta,nikhil.gupta446@eduanalytics.com,student123
STU20240447,Sanjana Banerjee,sanjana.banerjee447@eduanalytics.com,student123
STU20240448,Tarun Nair,tarun.nair448@eduanalytics.com,student123
STU20240449,Ananya Upadhyay,ananya.upadhyay449@eduanalytics.com,student123
STU20240450,Vivek Iyer,vivek.iyer450@eduanalytics.com,student123
STU20240451,Ananya Kapoor,ananya.kapoor451@eduanalytics.com,student123
STU20240452,Suresh Nambiar,suresh.nambiar452@eduanalytics.com,student123
STU20240453,Siddharth Oberoi,siddharth.oberoi453@eduanalytics.com,student123
STU20240454,Tanvi Sharma,tanvi.sharma454@eduanalytics.com,student123
STU20240455,Divya Shetty,divya.shetty455@eduanalytics.com,student123
STU20240456,Karthik Shetty,karthik.shetty456@eduanalytics.com,student123
STU20240457,Dhruv Fernandes,dhruv.fernandes457@eduanalytics.com,student123
STU20240458,Kunal Gupta,kunal.gupta458@eduanalytics.com,student123
STU20240459,Ishita Banerjee,ishita.banerjee459@eduanalytics.com,student123
STU20240460,Mansi Nair,mansi.nair460@eduanalytics.com,student123
STU20240461,Suresh Menon,suresh.menon461@eduanalytics.com,student123
STU20240462,Vikram Oberoi,vikram.oberoi462@eduanalytics.com,student123
STU20240463,Naveen Patel,naveen.patel463@eduanalytics.com,student123
STU20240464,Tarun Rastogi,tarun.rastogi464@eduanalytics.com,student123
STU20240465,Aishwarya Iyer,aishwarya.iyer465@eduanalytics.com,student123
STU20240466,Kunal Yadav,kunal.yadav466@eduanalytics.com,student123
STU20240467,Siddharth Trivedi,siddharth.trivedi467@eduanalytics.com,student123
STU20240468,Simran Varma,simran.varma468@eduanalytics.com,student123
STU20240469,Deepa Pillai,deepa.pillai469@eduanalytics.com,student123
STU20240470,Tarun Yadav,tarun.yadav470@eduanalytics.com,student123
STU20240471,Dhruv Rastogi,dhruv.rastogi471@eduanalytics.com,student123
STU20240472,Vivek Kapoor,vivek.kapoor472@eduanalytics.com,student123
STU20240473,Bhavna Malhotra,bhavna.malhotra473@eduanalytics.com,student123
STU20240474,Swati Saxena,swati.saxena474@eduanalytics.com,student123
STU20240475,Divya Oberoi,divya.oberoi475@eduanalytics.com,student123
STU20240476,Shreya Naidu,shreya.naidu476@eduanalytics.com,student123
STU20240477,Neha Saxena,neha.saxena477@eduanalytics.com,student123
STU20240478,Siddharth Hegde,siddharth.hegde478@eduanalytics.com,student123
STU20240479,Swati Ghosh,swati.ghosh479@eduanalytics.com,student123
STU20240480,Aarav Rao,aarav.rao480@eduanalytics.com,student123
STU20240481,Naveen Kulkarni,naveen.kulkarni481@eduanalytics.com,student123
STU20240482,Abhishek Das,abhishek.das482@eduanalytics.com,student123
STU20240483,Swati Shetty,swati.shetty483@eduanalytics.com,student123
STU20240484,Yash Fernandes,yash.fernandes484@eduanalytics.com,student123
STU20240485,Simran Das,simran.das485@eduanalytics.com,student123
STU20240486,Mansi Mehta,mansi.mehta486@eduanalytics.com,student123
STU20240487,Suresh Pillai,suresh.pillai487@eduanalytics.com,student123
STU20240488,Harsh Singh,harsh.singh488@eduanalytics.com,student123
STU20240489,Karthik Malhotra,karthik.malhotra489@eduanalytics.com,student123
STU20240490,Riya Nair,riya.nair490@eduanalytics.com,student123
STU20240491,Neha Chatterjee,neha.chatterjee491@eduanalytics.com,student123
STU20240492,Rajat Varma,rajat.varma492@eduanalytics.com,student123
STU20240493,Siddharth Oberoi,siddharth.oberoi493@eduanalytics.com,student123
STU20240494,Tanvi Naidu,tanvi.naidu494@eduanalytics.com,student123
STU20240495,Trisha Reddy,trisha.reddy495@eduanalytics.com,student123
STU20240496,Ananya Trivedi,ananya.trivedi496@eduanalytics.com,student123
STU20240497,Tarun Lal,tarun.lal497@eduanalytics.com,student123
STU20240498,Simran Varma,simran.varma498@eduanalytics.com,student123
STU20240499,Kunal Singh,kunal.singh499@eduanalytics.com,student123
STU20240500,Meera Ghosh,meera.ghosh500@eduanalytics.com,student123
STU20240501,Anjali Das,anjali.das501@eduanalytics.com,student123
STU20240502,Rajat Patel,rajat.patel502@eduanalytics.com,student123
STU20240503,Shreya Agarwal,shreya.agarwal503@eduanalytics.com,student123
STU20240504,Manish Rastogi,manish.rastogi504@eduanalytics.com,student123
STU20240505,Shreya Malhotra,shreya.malhotra505@eduanalytics.com,student123
STU20240506,Arjun Fernandes,arjun.fernandes506@eduanalytics.com,student123
STU20240507,Shreya Mehta,shreya.mehta507@eduanalytics.com,student123
STU20240508,Kunal Iyer,kunal.iyer508@eduanalytics.com,student123
STU20240509,Riya Mehta,riya.mehta509@eduanalytics.com,student123
STU20240510,Sneha Reddy,sneha.reddy510@eduanalytics.com,student123
STU20240511,Pranav Bhat,pranav.bhat511@eduanalytics.com,student123
STU20240512,Karthik Pillai,karthik.pillai512@eduanalytics.com,student123
STU20240513,Ishita Sharma,ishita.sharma513@eduanalytics.com,student123
STU20240514,Rajat Menon,rajat.menon514@eduanalytics.com,student123
STU20240515,Komal Trivedi,komal.trivedi515@eduanalytics.com,student123
STU20240516,Nikhil Sharma,nikhil.sharma516@eduanalytics.com,student123
STU20240517,Mansi Kulkarni,mansi.kulkarni517@eduanalytics.com,student123
STU20240518,Tanvi Oberoi,tanvi.oberoi518@eduanalytics.com,student123
STU20240519,Mohit Rastogi,mohit.rastogi519@eduanalytics.com,student123
STU20240520,Riya Rao,riya.rao520@eduanalytics.com,student123
STU20240521,Anjali Nambiar,anjali.nambiar521@eduanalytics.com,student123
STU20240522,Rajat Yadav,rajat.yadav522@eduanalytics.com,student123
STU20240523,Gaurav Desai,gaurav.desai523@eduanalytics.com,student123
STU20240524,Nandini Pillai,nandini.pillai524@eduanalytics.com,student123
STU20240525,Gaurav Malhotra,gaurav.malhotra525@eduanalytics.com,student123
STU20240526,Pranav Sharma,pranav.sharma526@eduanalytics.com,student123
STU20240527,Karthik Bhat,karthik.bhat527@eduanalytics.com,student123
STU20240528,Pooja Rastogi,pooja.rastogi528@eduanalytics.com,student123
STU20240529,Komal Reddy,komal.reddy529@eduanalytics.com,student123
STU20240530,Meera Das,meera.das530@eduanalytics.com,student123
STU20240531,Ishita Singh,ishita.singh531@eduanalytics.com,student123
STU20240532,Tanvi Sharma,tanvi.sharma532@eduanalytics.com,student123
STU20240533,Abhishek Pillai,abhishek.pillai533@eduanalytics.com,student123
STU20240534,Yash Singh,yash.singh534@eduanalytics.com,student123
STU20240535,Meera Bhat,meera.bhat535@eduanalytics.com,student123
STU20240536,Sneha Sharma,sneha.sharma536@eduanalytics.com,student123
STU20240537,Nandini Kulkarni,nandini.kulkarni537@eduanalytics.com,student123
STU20240538,Komal Shetty,komal.shetty538@eduanalytics.com,student123
STU20240539,Radhika Fernandes,radhika.fernandes539@eduanalytics.com,student123
STU20240540,Gaurav Rastogi,gaurav.rastogi540@eduanalytics.com,student123
STU20240541,Karthik Mehta,karthik.mehta541@eduanalytics.com,student123
STU20240542,Varun Kapoor,varun.kapoor542@eduanalytics.com,student123
STU20240543,Anjali Menon,anjali.menon543@eduanalytics.com,student123
STU20240544,Gaurav Trivedi,gaurav.trivedi544@eduanalytics.com,student123
STU20240545,Tarun Bhat,tarun.bhat545@eduanalytics.com,student123
STU20240546,Sneha Khan,sneha.khan546@eduanalytics.com,student123
STU20240547,Karthik Yadav,karthik.yadav547@eduanalytics.com,student123
STU20240548,Gaurav Joshi,gaurav.joshi548@eduanalytics.com,student123
STU20240549,Deepa Chatterjee,deepa.chatterjee549@eduanalytics.com,student123
STU20240550,Riya Patel,riya.patel550@eduanalytics.com,student123
STU20240551,Divya Patel,divya.patel551@eduanalytics.com,student123
STU20240552,Aditya Upadhyay,aditya.upadhyay552@eduanalytics.com,student123
STU20240553,Radhika Nair,radhika.nair553@eduanalytics.com,student123
STU20240554,Radhika Hegde,radhika.hegde554@eduanalytics.com,student123
STU20240555,Mohit Saxena,mohit.saxena555@eduanalytics.com,student123
STU20240556,Ayush Ghosh,ayush.ghosh556@eduanalytics.com,student123
STU20240557,Neha Singh,neha.singh557@eduanalytics.com,student123
STU20240558,Sneha Jain,sneha.jain558@eduanalytics.com,student123
STU20240559,Arjun Lal,arjun.lal559@eduanalytics.com,student123
STU20240560,Bhavna Joshi,bhavna.joshi560@eduanalytics.com,student123
STU20240561,Meera Prasad,meera.prasad561@eduanalytics.com,student123
STU20240562,Sneha Banerjee,sneha.banerjee562@eduanalytics.com,student123
STU20240563,Tarun Jain,tarun.jain563@eduanalytics.com,student123
STU20240564,Abhishek Shetty,abhishek.shetty564@eduanalytics.com,student123
STU20240565,Rajat Patel,rajat.patel565@eduanalytics.com,student123
STU20240566,Ayush Varma,ayush.varma566@eduanalytics.com,student123
STU20240567,Radhika Prasad,radhika.prasad567@eduanalytics.com,student123
STU20240568,Nandini Pillai,nandini.pillai568@eduanalytics.com,student123
STU20240569,Kunal Agarwal,kunal.agarwal569@eduanalytics.com,student123
STU20240570,Vivek Lal,vivek.lal570@eduanalytics.com,student123
STU20240571,Anjali Menon,anjali.menon571@eduanalytics.com,student123
STU20240572,Yash Mehta,yash.mehta572@eduanalytics.com,student123
STU20240573,Ayush Hegde,ayush.hegde573@eduanalytics.com,student123
STU20240574,Karthik Kapoor,karthik.kapoor574@eduanalytics.com,student123
STU20240575,Rahul Desai,rahul.desai575@eduanalytics.com,student123
STU20240576,Shreya Patel,shreya.patel576@eduanalytics.com,student123
STU20240577,Ananya Malhotra,ananya.malhotra577@eduanalytics.com,student123
STU20240578,Mansi Upadhyay,mansi.upadhyay578@eduanalytics.com,student123
STU20240579,Aditya Nair,aditya.nair579@eduanalytics.com,student123
STU20240580,Naveen Khan,naveen.khan580@eduanalytics.com,student123
STU20240581,Swati Lal,swati.lal581@eduanalytics.com,student123
STU20240582,Rohan Patel,rohan.patel582@eduanalytics.com,student123
STU20240583,Ananya Agarwal,ananya.agarwal583@eduanalytics.com,student123
STU20240584,Siddharth Oberoi,siddharth.oberoi584@eduanalytics.com,student123
STU20240585,Bhavna Nair,bhavna.nair585@eduanalytics.com,student123
STU20240586,Bhavna Upadhyay,bhavna.upadhyay586@eduanalytics.com,student123
STU20240587,Rohan Kulkarni,rohan.kulkarni587@eduanalytics.com,student123
STU20240588,Pranav Kulkarni,pranav.kulkarni588@eduanalytics.com,student123
STU20240589,Vivek Sharma,vivek.sharma589@eduanalytics.com,student123
STU20240590,Simran Gupta,simran.gupta590@eduanalytics.com,student123
STU20240591,Simran Varma,simran.varma591@eduanalytics.com,student123
STU20240592,Nikhil Das,nikhil.das592@eduanalytics.com,student123
STU20240593,Nikhil Saxena,nikhil.saxena593@eduanalytics.com,student123
STU20240594,Deepa Shetty,deepa.shetty594@eduanalytics.com,student123
STU20240595,Simran Mehta,simran.mehta595@eduanalytics.com,student123
STU20240596,Karthik Das,karthik.das596@eduanalytics.com,student123
STU20240597,Suresh Malhotra,suresh.malhotra597@eduanalytics.com,student123
STU20240598,Gaurav Joshi,gaurav.joshi598@eduanalytics.com,student123
STU20240599,Naveen Menon,naveen.menon599@eduanalytics.com,student123
STU20240600,Yash Prasad,yash.prasad600@eduanalytics.com,student123
STU20240601,Bhavna Saxena,bhavna.saxena601@eduanalytics.com,student123
STU20240602,Aarav Rastogi,aarav.rastogi602@eduanalytics.com,student123
STU20240603,Dhruv Pillai,dhruv.pillai603@eduanalytics.com,student123
STU20240604,Lakshmi Jain,lakshmi.jain604@eduanalytics.com,student123
STU20240605,Lakshmi Iyer,lakshmi.iyer605@eduanalytics.com,student123
STU20240606,Shreya Menon,shreya.menon606@eduanalytics.com,student123
STU20240607,Deepa Joshi,deepa.joshi607@eduanalytics.com,student123
STU20240608,Divya Sharma,divya.sharma608@eduanalytics.com,student123
STU20240609,Mohit Verma,mohit.verma609@eduanalytics.com,student123
STU20240610,Rajat Sharma,rajat.sharma610@eduanalytics.com,student123
STU20240611,Aarav Chopra,aarav.chopra611@eduanalytics.com,student123
STU20240612,Pooja Shetty,pooja.shetty612@eduanalytics.com,student123
STU20240613,Aishwarya Banerjee,aishwarya.banerjee613@eduanalytics.com,student123
STU20240614,Sanjana Upadhyay,sanjana.upadhyay614@eduanalytics.com,student123
STU20240615,Neha Mehta,neha.mehta615@eduanalytics.com,student123
STU20240616,Ishita Fernandes,ishita.fernandes616@eduanalytics.com,student123
STU20240617,Priya Saxena,priya.saxena617@eduanalytics.com,student123
STU20240618,Gaurav Singh,gaurav.singh618@eduanalytics.com,student123
STU20240619,Vikram Fernandes,vikram.fernandes619@eduanalytics.com,student123
STU20240620,Abhishek Das,abhishek.das620@eduanalytics.com,student123
STU20240621,Ishita Iyer,ishita.iyer621@eduanalytics.com,student123
STU20240622,Vivek Agarwal,vivek.agarwal622@eduanalytics.com,student123
STU20240623,Suresh Agarwal,suresh.agarwal623@eduanalytics.com,student123
STU20240624,Rajat Reddy,rajat.reddy624@eduanalytics.com,student123
STU20240625,Komal Menon,komal.menon625@eduanalytics.com,student123
STU20240626,Lakshmi Ghosh,lakshmi.ghosh626@eduanalytics.com,student123
STU20240627,Radhika Nambiar,radhika.nambiar627@eduanalytics.com,student123
STU20240628,Neha Iyer,neha.iyer628@eduanalytics.com,student123
STU20240629,Dhruv Das,dhruv.das629@eduanalytics.com,student123
STU20240630,Radhika Patel,radhika.patel630@eduanalytics.com,student123
STU20240631,Sanjana Kulkarni,sanjana.kulkarni631@eduanalytics.com,student123
STU20240632,Neha Saxena,neha.saxena632@eduanalytics.com,student123
STU20240633,Aarav Hegde,aarav.hegde633@eduanalytics.com,student123
STU20240634,Kunal Reddy,kunal.reddy634@eduanalytics.com,student123
STU20240635,Nikhil Ghosh,nikhil.ghosh635@eduanalytics.com,student123
STU20240636,Arjun Nambiar,arjun.nambiar636@eduanalytics.com,student123
STU20240637,Swati Trivedi,swati.trivedi637@eduanalytics.com,student123
STU20240638,Sneha Nair,sneha.nair638@eduanalytics.com,student123
STU20240639,Gaurav Rao,gaurav.rao639@eduanalytics.com,student123
STU20240640,Mohit Reddy,mohit.reddy640@eduanalytics.com,student123
STU20240641,Anjali Chopra,anjali.chopra641@eduanalytics.com,student123
STU20240642,Vikram Yadav,vikram.yadav642@eduanalytics.com,student123
STU20240643,Aarav Trivedi,aarav.trivedi643@eduanalytics.com,student123
STU20240644,Aishwarya Menon,aishwarya.menon644@eduanalytics.com,student123
STU20240645,Kunal Das,kunal.das645@eduanalytics.com,student123
STU20240646,Vikram Malhotra,vikram.malhotra646@eduanalytics.com,student123
STU20240647,Sanjana Agarwal,sanjana.agarwal647@eduanalytics.com,student123
STU20240648,Simran Lal,simran.lal648@eduanalytics.com,student123
STU20240649,Trisha Rao,trisha.rao649@eduanalytics.com,student123
STU20240650,Kunal Gupta,kunal.gupta650@eduanalytics.com,student123
STU20240651,Manish Lal,manish.lal651@eduanalytics.com,student123
STU20240652,Priya Pillai,priya.pillai652@eduanalytics.com,student123
STU20240653,Kavya Ghosh,kavya.ghosh653@eduanalytics.com,student123
STU20240654,Anjali Trivedi,anjali.trivedi654@eduanalytics.com,student123
STU20240655,Dhruv Singh,dhruv.singh655@eduanalytics.com,student123
STU20240656,Aishwarya Chatterjee,aishwarya.chatterjee656@eduanalytics.com,student123
STU20240657,Dhruv Lal,dhruv.lal657@eduanalytics.com,student123
STU20240658,Trisha Rastogi,trisha.rastogi658@eduanalytics.com,student123
STU20240659,Tarun Hegde,tarun.hegde659@eduanalytics.com,student123
STU20240660,Vivek Naidu,vivek.naidu660@eduanalytics.com,student123
STU20240661,Meera Bhat,meera.bhat661@eduanalytics.com,student123
STU20240662,Radhika Lal,radhika.lal662@eduanalytics.com,student123
STU20240663,Gaurav Fernandes,gaurav.fernandes663@eduanalytics.com,student123
STU20240664,Kunal Khan,kunal.khan664@eduanalytics.com,student123
STU20240665,Nandini Varma,nandini.varma665@eduanalytics.com,student123
STU20240666,Pranav Patel,pranav.patel666@eduanalytics.com,student123
STU20240667,Aarav Varma,aarav.varma667@eduanalytics.com,student123
STU20240668,Priya Ghosh,priya.ghosh668@eduanalytics.com,student123
STU20240669,Mohit Bhat,mohit.bhat669@eduanalytics.com,student123
STU20240670,Lakshmi Chatterjee,lakshmi.chatterjee670@eduanalytics.com,student123
STU20240671,Aditya Verma,aditya.verma671@eduanalytics.com,student123
STU20240672,Ananya Malhotra,ananya.malhotra672@eduanalytics.com,student123
STU20240673,Aishwarya Jain,aishwarya.jain673@eduanalytics.com,student123
STU20240674,Bhavna Trivedi,bhavna.trivedi674@eduanalytics.com,student123
STU20240675,Mansi Khan,mansi.khan675@eduanalytics.com,student123
STU20240676,Gaurav Nair,gaurav.nair676@eduanalytics.com,student123
STU20240677,Rahul Khan,rahul.khan677@eduanalytics.com,student123
STU20240678,Gaurav Patel,gaurav.patel678@eduanalytics.com,student123
STU20240679,Aishwarya Varma,aishwarya.varma679@eduanalytics.com,student123
STU20240680,Manish Nair,manish.nair680@eduanalytics.com,student123
STU20240681,Vikram Nair,vikram.nair681@eduanalytics.com,student123
STU20240682,Meera Ghosh,meera.ghosh682@eduanalytics.com,student123
STU20240683,Harsh Bhat,harsh.bhat683@eduanalytics.com,student123
STU20240684,Ishita Saxena,ishita.saxena684@eduanalytics.com,student123
STU20240685,Aishwarya Rao,aishwarya.rao685@eduanalytics.com,student123
STU20240686,Arjun Ghosh,arjun.ghosh686@eduanalytics.com,student123
STU20240687,Mohit Fernandes,mohit.fernandes687@eduanalytics.com,student123
STU20240688,Varun Fernandes,varun.fernandes688@eduanalytics.com,student123
STU20240689,Varun Verma,varun.verma689@eduanalytics.com,student123
STU20240690,Pranav Das,pranav.das690@eduanalytics.com,student123
STU20240691,Naveen Singh,naveen.singh691@eduanalytics.com,student123
STU20240692,Bhavna Agarwal,bhavna.agarwal692@eduanalytics.com,student123
STU20240693,Aarav Kapoor,aarav.kapoor693@eduanalytics.com,student123
STU20240694,Nandini Agarwal,nandini.agarwal694@eduanalytics.com,student123
STU20240695,Sneha Lal,sneha.lal695@eduanalytics.com,student123
STU20240696,Aishwarya Upadhyay,aishwarya.upadhyay696@eduanalytics.com,student123
STU20240697,Bhavna Trivedi,bhavna.trivedi697@eduanalytics.com,student123
STU20240698,Aditya Naidu,aditya.naidu698@eduanalytics.com,student123
STU20240699,Gaurav Joshi,gaurav.joshi699@eduanalytics.com,student123
STU20240700,Nandini Varma,nandini.varma700@eduanalytics.com,student123
STU20240701,Abhishek Nair,abhishek.nair701@eduanalytics.com,student123
STU20240702,Riya Hegde,riya.hegde702@eduanalytics.com,student123
STU20240703,Mansi Das,mansi.das703@eduanalytics.com,student123
STU20240704,Meera Verma,meera.verma704@eduanalytics.com,student123
STU20240705,Karthik Patel,karthik.patel705@eduanalytics.com,student123
STU20240706,Tanvi Malhotra,tanvi.malhotra706@eduanalytics.com,student123
STU20240707,Ayush Chopra,ayush.chopra707@eduanalytics.com,student123
STU20240708,Karthik Mehta,karthik.mehta708@eduanalytics.com,student123
STU20240709,Kunal Prasad,kunal.prasad709@eduanalytics.com,student123
STU20240710,Neha Das,neha.das710@eduanalytics.com,student123
STU20240711,Anjali Hegde,anjali.hegde711@eduanalytics.com,student123
STU20240712,Varun Varma,varun.varma712@eduanalytics.com,student123
STU20240713,Pooja Chatterjee,pooja.chatterjee713@eduanalytics.com,student123
STU20240714,Nikhil Rastogi,nikhil.rastogi714@eduanalytics.com,student123
STU20240715,Lakshmi Singh,lakshmi.singh715@eduanalytics.com,student123
STU20240716,Ayush Varma,ayush.varma716@eduanalytics.com,student123
STU20240717,Bhavna Chopra,bhavna.chopra717@eduanalytics.com,student123
STU20240718,Yash Banerjee,yash.banerjee718@eduanalytics.com,student123
STU20240719,Rohan Chatterjee,rohan.chatterjee719@eduanalytics.com,student123
STU20240720,Karthik Fernandes,karthik.fernandes720@eduanalytics.com,student123
STU20240721,Komal Naidu,komal.naidu721@eduanalytics.com,student123
STU20240722,Naveen Jain,naveen.jain722@eduanalytics.com,student123
STU20240723,Siddharth Desai,siddharth.desai723@eduanalytics.com,student123
STU20240724,Radhika Yadav,radhika.yadav724@eduanalytics.com,student123
STU20240725,Nikhil Upadhyay,nikhil.upadhyay725@eduanalytics.com,student123
STU20240726,Priya Nair,priya.nair726@eduanalytics.com,student123
STU20240727,Rahul Prasad,rahul.prasad727@eduanalytics.com,student123
STU20240728,Rohan Naidu,rohan.naidu728@eduanalytics.com,student123
STU20240729,Aarav Nair,aarav.nair729@eduanalytics.com,student123
STU20240730,Aishwarya Chatterjee,aishwarya.chatterjee730@eduanalytics.com,student123
STU20240731,Deepa Ghosh,deepa.ghosh731@eduanalytics.com,student123
STU20240732,Ishita Kulkarni,ishita.kulkarni732@eduanalytics.com,student123
STU20240733,Vikram Das,vikram.das733@eduanalytics.com,student123
STU20240734,Sanjana Yadav,sanjana.yadav734@eduanalytics.com,student123
STU20240735,Shreya Das,shreya.das735@eduanalytics.com,student123
STU20240736,Shreya Khan,shreya.khan736@eduanalytics.com,student123
STU20240737,Neha Chatterjee,neha.chatterjee737@eduanalytics.com,student123
STU20240738,Komal Hegde,komal.hegde738@eduanalytics.com,student123
STU20240739,Naveen Iyer,naveen.iyer739@eduanalytics.com,student123
STU20240740,Varun Iyer,varun.iyer740@eduanalytics.com,student123
STU20240741,Shreya Nambiar,shreya.nambiar741@eduanalytics.com,student123
STU20240742,Aishwarya Banerjee,aishwarya.banerjee742@eduanalytics.com,student123
STU20240743,Pranav Prasad,pranav.prasad743@eduanalytics.com,student123
STU20240744,Neha Mehta,neha.mehta744@eduanalytics.com,student123
STU20240745,Lakshmi Chatterjee,lakshmi.chatterjee745@eduanalytics.com,student123
STU20240746,Radhika Chatterjee,radhika.chatterjee746@eduanalytics.com,student123
STU20240747,Neha Lal,neha.lal747@eduanalytics.com,student123
STU20240748,Naveen Chopra,naveen.chopra748@eduanalytics.com,student123
STU20240749,Vikram Lal,vikram.lal749@eduanalytics.com,student123
STU20240750,Ayush Joshi,ayush.joshi750@eduanalytics.com,student123
STU20240751,Trisha Khan,trisha.khan751@eduanalytics.com,student123
STU20240752,Divya Upadhyay,divya.upadhyay752@eduanalytics.com,student123
STU20240753,Dhruv Prasad,dhruv.prasad753@eduanalytics.com,student123
STU20240754,Aishwarya Naidu,aishwarya.naidu754@eduanalytics.com,student123
STU20240755,Tarun Ghosh,tarun.ghosh755@eduanalytics.com,student123
STU20240756,Priya Hegde,priya.hegde756@eduanalytics.com,student123
STU20240757,Manish Ghosh,manish.ghosh757@eduanalytics.com,student123
STU20240758,Ayush Desai,ayush.desai758@eduanalytics.com,student123
STU20240759,Bhavna Nambiar,bhavna.nambiar759@eduanalytics.com,student123
STU20240760,Abhishek Pillai,abhishek.pillai760@eduanalytics.com,student123
STU20240761,Rohan Kapoor,rohan.kapoor761@eduanalytics.com,student123
STU20240762,Neha Gupta,neha.gupta762@eduanalytics.com,student123
STU20240763,Tanvi Verma,tanvi.verma763@eduanalytics.com,student123
STU20240764,Suresh Varma,suresh.varma764@eduanalytics.com,student123
STU20240765,Rahul Menon,rahul.menon765@eduanalytics.com,student123
STU20240766,Dhruv Agarwal,dhruv.agarwal766@eduanalytics.com,student123
STU20240767,Pooja Jain,pooja.jain767@eduanalytics.com,student123
STU20240768,Aditya Hegde,aditya.hegde768@eduanalytics.com,student123
STU20240769,Abhishek Gupta,abhishek.gupta769@eduanalytics.com,student123
STU20240770,Komal Kapoor,komal.kapoor770@eduanalytics.com,student123
STU20240771,Priya Naidu,priya.naidu771@eduanalytics.com,student123
STU20240772,Arjun Pillai,arjun.pillai772@eduanalytics.com,student123
STU20240773,Priya Yadav,priya.yadav773@eduanalytics.com,student123
STU20240774,Karthik Kulkarni,karthik.kulkarni774@eduanalytics.com,student123
STU20240775,Lakshmi Singh,lakshmi.singh775@eduanalytics.com,student123
STU20240776,Aarav Verma,aarav.verma776@eduanalytics.com,student123
STU20240777,Yash Bhat,yash.bhat777@eduanalytics.com,student123
STU20240778,Aarav Mehta,aarav.mehta778@eduanalytics.com,student123
STU20240779,Priya Verma,priya.verma779@eduanalytics.com,student123
STU20240780,Deepa Iyer,deepa.iyer780@eduanalytics.com,student123
STU20240781,Tanvi Chatterjee,tanvi.chatterjee781@eduanalytics.com,student123
STU20240782,Siddharth Trivedi,siddharth.trivedi782@eduanalytics.com,student123
STU20240783,Neha Rastogi,neha.rastogi783@eduanalytics.com,student123
STU20240784,Radhika Fernandes,radhika.fernandes784@eduanalytics.com,student123
STU20240785,Simran Saxena,simran.saxena785@eduanalytics.com,student123
STU20240786,Simran Ghosh,simran.ghosh786@eduanalytics.com,student123
STU20240787,Sanjana Khan,sanjana.khan787@eduanalytics.com,student123
STU20240788,Tanvi Oberoi,tanvi.oberoi788@eduanalytics.com,student123
STU20240789,Bhavna Malhotra,bhavna.malhotra789@eduanalytics.com,student123
STU20240790,Naveen Kapoor,naveen.kapoor790@eduanalytics.com,student123
STU20240791,Neha Joshi,neha.joshi791@eduanalytics.com,student123
STU20240792,Siddharth Iyer,siddharth.iyer792@eduanalytics.com,student123
STU20240793,Varun Yadav,varun.yadav793@eduanalytics.com,student123
STU20240794,Manish Patel,manish.patel794@eduanalytics.com,student123
STU20240795,Nandini Desai,nandini.desai795@eduanalytics.com,student123
STU20240796,Bhavna Rastogi,bhavna.rastogi796@eduanalytics.com,student123
STU20240797,Varun Saxena,varun.saxena797@eduanalytics.com,student123
STU20240798,Suresh Desai,suresh.desai798@eduanalytics.com,student123
STU20240799,Priya Chopra,priya.chopra799@eduanalytics.com,student123
STU20240800,Tanvi Rao,tanvi.rao800@eduanalytics.com,student123
STU20240801,Gaurav Agarwal,gaurav.agarwal801@eduanalytics.com,student123
STU20240802,Simran Nair,simran.nair802@eduanalytics.com,student123
STU20240803,Shreya Das,shreya.das803@eduanalytics.com,student123
STU20240804,Pooja Chopra,pooja.chopra804@eduanalytics.com,student123
STU20240805,Radhika Menon,radhika.menon805@eduanalytics.com,student123
STU20240806,Simran Singh,simran.singh806@eduanalytics.com,student123
STU20240807,Dhruv Jain,dhruv.jain807@eduanalytics.com,student123
STU20240808,Nikhil Naidu,nikhil.naidu808@eduanalytics.com,student123
STU20240809,Vivek Rao,vivek.rao809@eduanalytics.com,student123
STU20240810,Mansi Rastogi,mansi.rastogi810@eduanalytics.com,student123
STU20240811,Kavya Rastogi,kavya.rastogi811@eduanalytics.com,student123
STU20240812,Divya Lal,divya.lal812@eduanalytics.com,student123
STU20240813,Swati Lal,swati.lal813@eduanalytics.com,student123
STU20240814,Trisha Chopra,trisha.chopra814@eduanalytics.com,student123
STU20240815,Anjali Varma,anjali.varma815@eduanalytics.com,student123
STU20240816,Arjun Ghosh,arjun.ghosh816@eduanalytics.com,student123
STU20240817,Kunal Khan,kunal.khan817@eduanalytics.com,student123
STU20240818,Priya Chopra,priya.chopra818@eduanalytics.com,student123
STU20240819,Sanjana Rastogi,sanjana.rastogi819@eduanalytics.com,student123
STU20240820,Divya Mehta,divya.mehta820@eduanalytics.com,student123
STU20240821,Ananya Nair,ananya.nair821@eduanalytics.com,student123
STU20240822,Bhavna Hegde,bhavna.hegde822@eduanalytics.com,student123
STU20240823,Trisha Saxena,trisha.saxena823@eduanalytics.com,student123
STU20240824,Naveen Rastogi,naveen.rastogi824@eduanalytics.com,student123
STU20240825,Trisha Mehta,trisha.mehta825@eduanalytics.com,student123
STU20240826,Rohan Menon,rohan.menon826@eduanalytics.com,student123
STU20240827,Kavya Nambiar,kavya.nambiar827@eduanalytics.com,student123
STU20240828,Trisha Das,trisha.das828@eduanalytics.com,student123
STU20240829,Karthik Iyer,karthik.iyer829@eduanalytics.com,student123
STU20240830,Arjun Mehta,arjun.mehta830@eduanalytics.com,student123
STU20240831,Karthik Patel,karthik.patel831@eduanalytics.com,student123
STU20240832,Arjun Hegde,arjun.hegde832@eduanalytics.com,student123
STU20240833,Radhika Menon,radhika.menon833@eduanalytics.com,student123
STU20240834,Ananya Reddy,ananya.reddy834@eduanalytics.com,student123
STU20240835,Tarun Sharma,tarun.sharma835@eduanalytics.com,student123
STU20240836,Vikram Menon,vikram.menon836@eduanalytics.com,student123
STU20240837,Arjun Prasad,arjun.prasad837@eduanalytics.com,student123
STU20240838,Riya Naidu,riya.naidu838@eduanalytics.com,student123
STU20240839,Deepa Rao,deepa.rao839@eduanalytics.com,student123
STU20240840,Arjun Rastogi,arjun.rastogi840@eduanalytics.com,student123
STU20240841,Manish Shetty,manish.shetty841@eduanalytics.com,student123
STU20240842,Bhavna Bhat,bhavna.bhat842@eduanalytics.com,student123
STU20240843,Suresh Patel,suresh.patel843@eduanalytics.com,student123
STU20240844,Suresh Mehta,suresh.mehta844@eduanalytics.com,student123
STU20240845,Kavya Lal,kavya.lal845@eduanalytics.com,student123
STU20240846,Arjun Joshi,arjun.joshi846@eduanalytics.com,student123
STU20240847,Naveen Mehta,naveen.mehta847@eduanalytics.com,student123
STU20240848,Rohan Kapoor,rohan.kapoor848@eduanalytics.com,student123
STU20240849,Meera Das,meera.das849@eduanalytics.com,student123
STU20240850,Tanvi Mehta,tanvi.mehta850@eduanalytics.com,student123
STU20240851,Sneha Upadhyay,sneha.upadhyay851@eduanalytics.com,student123
STU20240852,Rajat Nambiar,rajat.nambiar852@eduanalytics.com,student123
STU20240853,Kavya Fernandes,kavya.fernandes853@eduanalytics.com,student123
STU20240854,Deepa Desai,deepa.desai854@eduanalytics.com,student123
STU20240855,Varun Verma,varun.verma855@eduanalytics.com,student123
STU20240856,Kavya Pillai,kavya.pillai856@eduanalytics.com,student123
STU20240857,Harsh Reddy,harsh.reddy857@eduanalytics.com,student123
STU20240858,Tarun Rastogi,tarun.rastogi858@eduanalytics.com,student123
STU20240859,Yash Banerjee,yash.banerjee859@eduanalytics.com,student123
STU20240860,Rohan Upadhyay,rohan.upadhyay860@eduanalytics.com,student123
STU20240861,Suresh Shetty,suresh.shetty861@eduanalytics.com,student123
STU20240862,Ananya Saxena,ananya.saxena862@eduanalytics.com,student123
STU20240863,Komal Das,komal.das863@eduanalytics.com,student123
STU20240864,Suresh Malhotra,suresh.malhotra864@eduanalytics.com,student123
STU20240865,Arjun Iyer,arjun.iyer865@eduanalytics.com,student123
STU20240866,Swati Upadhyay,swati.upadhyay866@eduanalytics.com,student123
STU20240867,Kunal Patel,kunal.patel867@eduanalytics.com,student123
STU20240868,Varun Reddy,varun.reddy868@eduanalytics.com,student123
STU20240869,Kavya Yadav,kavya.yadav869@eduanalytics.com,student123
STU20240870,Siddharth Nambiar,siddharth.nambiar870@eduanalytics.com,student123
STU20240871,Rohan Verma,rohan.verma871@eduanalytics.com,student123
STU20240872,Varun Banerjee,varun.banerjee872@eduanalytics.com,student123
STU20240873,Pooja Rastogi,pooja.rastogi873@eduanalytics.com,student123
STU20240874,Rahul Ghosh,rahul.ghosh874@eduanalytics.com,student123
STU20240875,Pranav Nambiar,pranav.nambiar875@eduanalytics.com,student123
STU20240876,Vivek Nair,vivek.nair876@eduanalytics.com,student123
STU20240877,Komal Nambiar,komal.nambiar877@eduanalytics.com,student123
STU20240878,Nikhil Chatterjee,nikhil.chatterjee878@eduanalytics.com,student123
STU20240879,Arjun Chatterjee,arjun.chatterjee879@eduanalytics.com,student123
STU20240880,Tarun Varma,tarun.varma880@eduanalytics.com,student123
STU20240881,Lakshmi Pillai,lakshmi.pillai881@eduanalytics.com,student123
STU20240882,Divya Das,divya.das882@eduanalytics.com,student123
STU20240883,Shreya Nair,shreya.nair883@eduanalytics.com,student123
STU20240884,Aditya Menon,aditya.menon884@eduanalytics.com,student123
STU20240885,Varun Hegde,varun.hegde885@eduanalytics.com,student123
STU20240886,Ayush Prasad,ayush.prasad886@eduanalytics.com,student123
STU20240887,Mohit Yadav,mohit.yadav887@eduanalytics.com,student123
STU20240888,Meera Joshi,meera.joshi888@eduanalytics.com,student123
STU20240889,Riya Prasad,riya.prasad889@eduanalytics.com,student123
STU20240890,Aarav Upadhyay,aarav.upadhyay890@eduanalytics.com,student123
STU20240891,Mansi Rao,mansi.rao891@eduanalytics.com,student123
STU20240892,Deepa Trivedi,deepa.trivedi892@eduanalytics.com,student123
STU20240893,Suresh Verma,suresh.verma893@eduanalytics.com,student123
STU20240894,Gaurav Verma,gaurav.verma894@eduanalytics.com,student123
STU20240895,Abhishek Pillai,abhishek.pillai895@eduanalytics.com,student123
STU20240896,Swati Rastogi,swati.rastogi896@eduanalytics.com,student123
STU20240897,Vivek Upadhyay,vivek.upadhyay897@eduanalytics.com,student123
STU20240898,Manish Shetty,manish.shetty898@eduanalytics.com,student123
STU20240899,Bhavna Lal,bhavna.lal899@eduanalytics.com,student123
STU20240900,Naveen Chatterjee,naveen.chatterjee900@eduanalytics.com,student123
STU20240901,Ishita Prasad,ishita.prasad901@eduanalytics.com,student123
STU20240902,Karthik Hegde,karthik.hegde902@eduanalytics.com,student123
STU20240903,Varun Hegde,varun.hegde903@eduanalytics.com,student123
STU20240904,Divya Lal,divya.lal904@eduanalytics.com,student123
STU20240905,Komal Rao,komal.rao905@eduanalytics.com,student123
STU20240906,Aarav Gupta,aarav.gupta906@eduanalytics.com,student123
STU20240907,Swati Ghosh,swati.ghosh907@eduanalytics.com,student123
STU20240908,Kunal Chopra,kunal.chopra908@eduanalytics.com,student123
STU20240909,Ananya Desai,ananya.desai909@eduanalytics.com,student123
STU20240910,Varun Ghosh,varun.ghosh910@eduanalytics.com,student123
STU20240911,Arjun Chopra,arjun.chopra911@eduanalytics.com,student123
STU20240912,Arjun Shetty,arjun.shetty912@eduanalytics.com,student123
STU20240913,Aditya Joshi,aditya.joshi913@eduanalytics.com,student123
STU20240914,Pooja Prasad,pooja.prasad914@eduanalytics.com,student123
STU20240915,Meera Saxena,meera.saxena915@eduanalytics.com,student123
STU20240916,Abhishek Singh,abhishek.singh916@eduanalytics.com,student123
STU20240917,Pranav Patel,pranav.patel917@eduanalytics.com,student123
STU20240918,Neha Banerjee,neha.banerjee918@eduanalytics.com,student123
STU20240919,Swati Hegde,swati.hegde919@eduanalytics.com,student123
STU20240920,Kavya Rao,kavya.rao920@eduanalytics.com,student123
STU20240921,Gaurav Rao,gaurav.rao921@eduanalytics.com,student123
STU20240922,Abhishek Sharma,abhishek.sharma922@eduanalytics.com,student123
STU20240923,Deepa Ghosh,deepa.ghosh923@eduanalytics.com,student123
STU20240924,Trisha Nambiar,trisha.nambiar924@eduanalytics.com,student123
STU20240925,Vikram Nambiar,vikram.nambiar925@eduanalytics.com,student123
STU20240926,Tarun Naidu,tarun.naidu926@eduanalytics.com,student123
STU20240927,Abhishek Kapoor,abhishek.kapoor927@eduanalytics.com,student123
STU20240928,Arjun Banerjee,arjun.banerjee928@eduanalytics.com,student123
STU20240929,Karthik Prasad,karthik.prasad929@eduanalytics.com,student123
STU20240930,Aarav Kapoor,aarav.kapoor930@eduanalytics.com,student123
STU20240931,Yash Agarwal,yash.agarwal931@eduanalytics.com,student123
STU20240932,Rahul Nair,rahul.nair932@eduanalytics.com,student123
STU20240933,Rahul Mehta,rahul.mehta933@eduanalytics.com,student123
STU20240934,Kunal Bhat,kunal.bhat934@eduanalytics.com,student123
STU20240935,Trisha Bhat,trisha.bhat935@eduanalytics.com,student123
STU20240936,Komal Nair,komal.nair936@eduanalytics.com,student123
STU20240937,Varun Gupta,varun.gupta937@eduanalytics.com,student123
STU20240938,Aishwarya Naidu,aishwarya.naidu938@eduanalytics.com,student123
STU20240939,Rajat Ghosh,rajat.ghosh939@eduanalytics.com,student123
STU20240940,Suresh Chatterjee,suresh.chatterjee940@eduanalytics.com,student123
STU20240941,Arjun Singh,arjun.singh941@eduanalytics.com,student123
STU20240942,Kunal Singh,kunal.singh942@eduanalytics.com,student123
STU20240943,Anjali Banerjee,anjali.banerjee943@eduanalytics.com,student123
STU20240944,Priya Rastogi,priya.rastogi944@eduanalytics.com,student123
STU20240945,Kunal Kapoor,kunal.kapoor945@eduanalytics.com,student123
STU20240946,Deepa Bhat,deepa.bhat946@eduanalytics.com,student123
STU20240947,Rohan Upadhyay,rohan.upadhyay947@eduanalytics.com,student123
STU20240948,Swati Jain,swati.jain948@eduanalytics.com,student123
STU20240949,Shreya Naidu,shreya.naidu949@eduanalytics.com,student123
STU20240950,Abhishek Saxena,abhishek.saxena950@eduanalytics.com,student123
STU20240951,Pranav Hegde,pranav.hegde951@eduanalytics.com,student123
STU20240952,Mansi Naidu,mansi.naidu952@eduanalytics.com,student123
STU20240953,Mansi Singh,mansi.singh953@eduanalytics.com,student123
STU20240954,Tarun Prasad,tarun.prasad954@eduanalytics.com,student123
STU20240955,Ayush Pillai,ayush.pillai955@eduanalytics.com,student123
STU20240956,Manish Fernandes,manish.fernandes956@eduanalytics.com,student123
STU20240957,Shreya Mehta,shreya.mehta957@eduanalytics.com,student123
STU20240958,Mohit Trivedi,mohit.trivedi958@eduanalytics.com,student123
STU20240959,Priya Ghosh,priya.ghosh959@eduanalytics.com,student123
STU20240960,Gaurav Mehta,gaurav.mehta960@eduanalytics.com,student123
STU20240961,Vikram Gupta,vikram.gupta961@eduanalytics.com,student123
STU20240962,Ishita Fernandes,ishita.fernandes962@eduanalytics.com,student123
STU20240963,Karthik Gupta,karthik.gupta963@eduanalytics.com,student123
STU20240964,Aishwarya Menon,aishwarya.menon964@eduanalytics.com,student123
STU20240965,Abhishek Das,abhishek.das965@eduanalytics.com,student123
STU20240966,Anjali Hegde,anjali.hegde966@eduanalytics.com,student123
STU20240967,Nandini Varma,nandini.varma967@eduanalytics.com,student123
STU20240968,Mansi Reddy,mansi.reddy968@eduanalytics.com,student123
STU20240969,Lakshmi Joshi,lakshmi.joshi969@eduanalytics.com,student123
STU20240970,Radhika Mehta,radhika.mehta970@eduanalytics.com,student123
STU20240971,Riya Ghosh,riya.ghosh971@eduanalytics.com,student123
STU20240972,Manish Agarwal,manish.agarwal972@eduanalytics.com,student123
STU20240973,Ayush Malhotra,ayush.malhotra973@eduanalytics.com,student123
STU20240974,Swati Kapoor,swati.kapoor974@eduanalytics.com,student123
STU20240975,Lakshmi Banerjee,lakshmi.banerjee975@eduanalytics.com,student123
STU20240976,Dhruv Lal,dhruv.lal976@eduanalytics.com,student123
STU20240977,Nikhil Chopra,nikhil.chopra977@eduanalytics.com,student123
STU20240978,Swati Das,swati.das978@eduanalytics.com,student123
STU20240979,Pooja Gupta,pooja.gupta979@eduanalytics.com,student123
STU20240980,Kavya Nambiar,kavya.nambiar980@eduanalytics.com,student123
STU20240981,Aditya Trivedi,aditya.trivedi981@eduanalytics.com,student123
STU20240982,Riya Trivedi,riya.trivedi982@eduanalytics.com,student123
STU20240983,Naveen Upadhyay,naveen.upadhyay983@eduanalytics.com,student123
STU20240984,Anjali Reddy,anjali.reddy984@eduanalytics.com,student123
STU20240985,Varun Banerjee,varun.banerjee985@eduanalytics.com,student123
STU20240986,Swati Jain,swati.jain986@eduanalytics.com,student123
STU20240987,Yash Kapoor,yash.kapoor987@eduanalytics.com,student123
STU20240988,Swati Bhat,swati.bhat988@eduanalytics.com,student123
STU20240989,Dhruv Fernandes,dhruv.fernandes989@eduanalytics.com,student123
STU20240990,Meera Nair,meera.nair990@eduanalytics.com,student123
STU20240991,Rahul Nambiar,rahul.nambiar991@eduanalytics.com,student123
STU20240992,Rajat Joshi,rajat.joshi992@eduanalytics.com,student123
STU20240993,Rajat Khan,rajat.khan993@eduanalytics.com,student123
STU20240994,Ayush Chopra,ayush.chopra994@eduanalytics.com,student123
STU20240995,Arjun Bhat,arjun.bhat995@eduanalytics.com,student123
STU20240996,Aarav Kulkarni,aarav.kulkarni996@eduanalytics.com,student123
STU20240997,Abhishek Patel,abhishek.patel997@eduanalytics.com,student123
STU20240998,Shreya Saxena,shreya.saxena998@eduanalytics.com,student123
STU20240999,Ishita Joshi,ishita.joshi999@eduanalytics.com,student123
STU20241000,Anjali Prasad,anjali.prasad1000@eduanalytics.com,student123
