user_id,student_code,attendance_percentage,study_hours_per_week,previous_gpa,quiz_avg,practice_accuracy,assessment_avg,avg_topic_score,material_completion_pct,performance_level
2,STU2024001,84.0,13.0,7.6,62.914,72.131,72.315,72.97,47.518,Medium
3,STU20240001,85.2,13.8,8.27,93.5,86.316,92.855,88.552,82.051,High
4,STU20240002,95.4,15.3,7.26,74.311,77.313,86.392,78.367,85.714,High
5,STU20240003,80.0,9.7,6.76,31.11,60.0,77.968,65.681,66.667,Medium
6,STU20240004,64.2,5.3,5.32,45.292,46.111,55.952,46.836,44.086,Low
7,STU20240005,80.9,10.9,7.41,62.699,58.974,67.806,61.988,68.75,Medium
8,STU20240006,88.9,9.3,7.68,83.335,91.111,95.805,91.225,54.545,Medium
9,STU20240007,78.9,13.7,5.11,42.593,28.182,40.12,32.034,56.667,Low
10,STU20240008,84.3,16.6,8.08,65.279,83.75,82.007,82.912,69.231,High
11,STU20240009,72.7,7.0,5.72,54.902,52.558,43.55,51.897,50.0,Low
12,STU20240010,67.0,9.6,6.39,58.201,61.25,83.667,62.118,40.278,Low
13,STU20240011,72.6,8.5,6.37,44.861,50.769,69.455,51.305,41.481,Medium
14,STU20240012,71.6,9.5,6.63,62.964,61.0,55.023,61.666,41.667,Medium
15,STU20240013,82.6,16.7,7.28,73.611,74.783,86.05,76.542,64.815,Medium
16,STU20240014,65.9,7.3,6.46,52.592,58.0,80.21,58.192,50.0,Medium
17,STU20240015,82.2,4.2,7.28,100.0,71.25,86.19,73.082,55.556,Medium
18,STU20240016,89.7,17.5,7.25,48.411,56.522,62.3,54.847,97.917,Medium
19,STU20240017,68.5,4.5,6.01,43.054,53.889,56.67,55.641,25.556,Low
20,STU20240018,68.7,9.6,7.33,65.415,62.857,89.73,66.477,56.863,Medium
21,STU20240019,81.7,10.5,5.99,44.972,47.907,55.06,47.757,52.525,Medium
22,STU20240020,45.1,2.1,4.25,24.074,32.0,26.648,29.147,40.278,Low
23,STU20240021,79.5,16.6,7.66,66.525,73.056,86.792,74.067,86.0,High
24,STU20240022,68.7,13.6,6.21,46.913,51.429,47.782,52.63,65.812,Medium
25,STU20240023,85.7,10.5,7.5,73.857,85.517,83.067,82.79,52.151,High
26,STU20240024,93.3,15.8,7.65,91.504,85.778,93.75,87.156,77.451,High
27,STU20240025,69.8,6.7,7.8,68.056,82.0,78.94,78.809,13.333,Medium
28,STU20240026,61.9,3.7,4.78,36.111,26.087,41.223,32.131,61.404,Low
29,STU20240027,79.9,12.7,6.66,39.165,55.0,75.335,53.634,60.417,Low
30,STU20240028,66.7,8.9,7.49,93.055,94.0,95.028,92.738,14.583,Medium
31,STU20240029,66.4,1.0,4.68,57.78,47.619,75.395,51.115,19.608,Low
32,STU20240030,80.6,14.6,6.53,60.342,64.545,62.072,65.87,68.421,Medium
33,STU20240031,75.5,9.9,5.47,50.616,65.6,78.635,66.693,23.423,Medium
34,STU20240032,91.8,14.3,8.47,86.509,82.667,94.942,84.893,73.611,High
35,STU20240033,83.2,8.7,7.4,54.816,70.556,76.137,70.893,53.333,Medium
36,STU20240034,85.9,7.1,6.6,61.534,68.0,76.0,67.325,61.458,Medium
37,STU20240035,74.4,15.3,8.19,61.906,72.174,85.438,76.185,54.386,High
38,STU20240036,78.1,7.5,6.68,68.751,71.429,75.802,70.734,43.333,Medium
39,STU20240037,87.4,12.0,7.33,66.666,65.556,81.472,67.916,42.857,Medium
40,STU20240038,78.7,11.4,5.52,60.317,45.385,43.922,45.552,56.14,Medium
41,STU20240039,77.5,10.6,6.87,71.977,67.857,79.79,71.008,43.86,Medium
42,STU20240040,93.9,16.7,5.59,50.794,63.571,78.062,64.775,91.304,High
43,STU20240041,85.1,6.6,6.35,61.68,72.857,75.757,71.861,44.643,Medium
44,STU20240042,79.6,9.8,7.32,66.533,68.214,82.665,70.863,55.039,Medium
45,STU20240043,86.3,11.4,6.74,78.042,84.444,90.098,83.145,65.686,High
46,STU20240044,79.0,8.8,7.69,85.765,87.826,90.782,89.401,40.0,Medium
47,STU20240045,73.4,10.9,6.5,59.481,66.829,67.775,68.019,59.77,Medium
48,STU20240046,71.8,6.7,6.92,61.728,77.273,73.532,75.629,48.148,Medium
49,STU20240047,78.1,4.4,7.68,90.477,89.474,81.82,90.714,50.98,Medium
50,STU20240048,54.5,5.6,5.87,77.717,76.316,92.388,79.685,16.667,Low
51,STU20240049,63.0,6.5,6.25,72.841,78.333,80.16,76.806,24.074,Low
52,STU20240050,84.4,9.3,6.67,68.452,71.786,85.9,73.414,53.846,Medium
53,STU20240051,64.1,1.1,6.29,59.028,58.4,63.248,61.856,33.333,Low
54,STU20240052,69.6,5.7,4.94,24.443,40.909,39.965,40.388,47.368,Low
55,STU20240053,83.1,11.0,5.3,58.2,65.294,87.5,67.9,56.41,Low
56,STU20240054,77.7,17.3,5.9,50.555,66.316,71.83,68.873,66.667,Medium
57,STU20240055,77.2,9.9,7.72,35.182,62.667,62.472,59.96,43.939,Medium
58,STU20240056,98.1,10.4,7.12,59.406,64.528,76.363,67.017,53.968,Medium
59,STU20240057,65.4,7.8,8.05,90.058,92.0,92.13,92.321,31.111,Medium
60,STU20240058,88.1,13.1,6.53,58.974,62.222,62.5,61.858,80.556,Medium
61,STU20240059,93.4,13.2,9.02,92.397,97.949,94.082,97.493,41.935,High
62,STU20240060,73.0,7.8,8.1,79.445,85.143,82.29,83.783,35.802,Medium
63,STU20240061,71.8,10.1,6.63,64.286,67.059,66.208,65.915,45.833,Medium
64,STU20240062,83.9,13.0,9.1,100.0,99.259,93.75,99.524,55.556,High
65,STU20240063,78.3,10.7,7.86,68.89,73.0,73.535,73.444,64.583,Medium
66,STU20240064,86.1,13.5,7.44,69.477,75.5,82.57,76.62,60.92,High
67,STU20240065,66.4,3.7,6.82,59.349,72.069,80.91,71.919,38.739,Medium
68,STU20240066,80.4,13.1,6.47,57.569,64.59,71.3,64.624,70.732,Medium
69,STU20240067,85.8,9.9,6.35,57.445,65.97,74.952,67.311,68.056,Medium
70,STU20240068,74.5,16.7,7.32,58.332,67.143,63.813,62.961,69.697,Medium
71,STU20240069,68.9,8.7,6.27,39.444,33.75,43.438,36.447,72.973,Low
72,STU20240070,84.3,14.0,6.49,73.778,85.455,85.257,83.5,48.718,Medium
73,STU20240071,78.8,18.3,7.25,68.628,64.706,71.8,68.839,80.46,High
74,STU20240072,72.6,12.1,6.37,43.59,40.488,49.698,44.324,68.687,Medium
75,STU20240073,81.9,13.8,6.62,48.61,45.0,54.463,45.42,80.0,Medium
76,STU20240074,60.0,3.1,4.64,40.741,29.286,50.0,34.255,11.594,Low
77,STU20240075,72.0,10.5,6.29,32.144,43.415,68.0,41.705,54.545,Low
78,STU20240076,75.3,16.1,7.2,77.78,87.778,90.625,83.793,59.524,High
79,STU20240077,62.2,1.4,6.41,51.249,64.39,74.417,61.371,23.656,Low
80,STU20240078,78.4,7.8,5.6,50.616,35.833,46.254,36.579,26.316,Low
81,STU20240079,83.3,10.2,7.16,71.594,74.706,84.895,77.762,47.619,Medium
82,STU20240080,80.8,3.3,6.64,64.198,69.697,85.18,68.773,23.457,Low
83,STU20240081,80.8,9.5,7.26,72.548,78.571,76.875,77.641,50.427,Medium
84,STU20240082,83.9,9.4,7.77,83.335,91.111,90.5,91.647,37.778,Medium
85,STU20240083,67.1,9.1,6.75,62.83,69.804,76.187,72.142,41.176,Medium
86,STU20240084,90.9,12.0,8.93,87.779,89.231,86.318,89.94,77.381,High
87,STU20240085,84.2,11.9,7.71,88.89,90.0,89.928,91.81,47.222,Medium
88,STU20240086,79.3,4.7,6.71,55.555,45.926,50.784,51.409,57.971,Medium
89,STU20240087,71.2,9.4,6.96,49.206,70.435,84.66,71.345,51.667,Medium
90,STU20240088,86.0,11.4,8.67,89.778,89.167,92.28,89.519,55.238,High
91,STU20240089,79.7,9.7,4.24,36.8,29.333,39.29,33.074,49.735,Low
92,STU20240090,82.5,7.6,6.16,58.888,57.0,62.993,59.347,51.515,Low
93,STU20240091,74.7,12.9,5.51,34.214,45.152,49.74,44.4,70.543,Low
94,STU20240092,67.4,9.6,5.4,32.9,33.824,36.328,35.981,54.815,Low
95,STU20240093,77.8,9.0,7.13,68.892,73.0,75.0,75.527,45.238,Low
96,STU20240094,91.5,13.1,7.34,56.209,55.294,67.71,57.552,66.667,Medium
97,STU20240095,72.5,4.3,7.26,46.666,59.344,54.723,57.703,52.137,Medium
98,STU20240096,54.9,1.5,4.54,37.944,29.756,50.05,32.377,35.484,Low
99,STU20240097,60.1,2.6,7.47,57.778,67.595,68.223,67.646,22.619,Low
100,STU20240098,68.3,2.1,5.61,54.106,47.568,50.485,51.452,43.59,Low
101,STU20240099,64.0,1.3,6.19,65.322,67.895,71.588,66.941,31.111,Medium
102,STU20240100,73.8,9.9,6.72,56.04,63.721,75.968,63.295,37.778,Low
103,STU20240101,75.5,5.4,7.56,77.778,85.333,89.306,84.73,47.436,Medium
104,STU20240102,95.7,7.1,8.47,100.0,97.778,95.0,97.968,44.048,High
105,STU20240103,81.1,17.1,6.73,43.209,52.667,59.775,50.695,88.889,Medium
106,STU20240104,69.6,9.6,6.41,51.111,65.294,75.19,67.02,45.833,Low
107,STU20240105,74.7,7.2,6.71,67.746,71.667,82.394,71.901,58.14,Medium
108,STU20240106,75.6,10.5,7.63,71.429,85.882,83.413,80.385,48.718,Medium
109,STU20240107,71.4,12.6,7.82,80.0,89.73,100.0,89.375,45.833,Medium
110,STU20240108,68.8,8.7,7.53,78.692,85.417,94.842,84.312,36.842,Medium
111,STU20240109,75.3,13.6,8.15,52.591,65.0,76.375,64.121,49.425,Medium
112,STU20240110,72.1,9.1,7.78,73.237,77.468,79.052,78.736,45.614,Medium
113,STU20240111,74.5,10.0,7.08,74.603,88.75,84.307,86.956,47.619,High
114,STU20240112,92.6,11.9,6.25,46.406,55.484,67.9,54.513,60.87,Medium
115,STU20240113,78.1,11.8,6.33,45.368,70.769,92.22,74.227,39.394,Medium
116,STU20240114,85.2,4.0,5.76,58.464,65.373,76.65,67.197,40.426,Low
117,STU20240115,85.8,9.5,8.3,90.001,88.696,92.66,91.061,31.667,High
118,STU20240116,85.3,19.0,9.63,95.556,98.182,96.875,98.744,37.5,High
119,STU20240117,76.4,7.6,4.95,30.832,29.744,32.955,31.472,46.429,Low
120,STU20240118,86.5,15.0,8.23,82.489,81.0,84.305,82.361,68.889,High
121,STU20240119,71.6,5.7,7.03,88.89,77.143,79.697,76.842,7.018,Medium
122,STU20240120,75.4,12.8,6.84,88.89,65.263,78.227,65.282,66.667,Medium
123,STU20240121,72.5,12.0,6.1,44.445,76.842,75.0,73.11,54.167,Medium
124,STU20240122,70.6,13.9,5.64,42.165,43.333,49.769,44.814,66.667,Low
125,STU20240123,73.4,9.0,7.13,66.667,69.231,66.788,69.6,50.833,Medium
126,STU20240124,86.5,7.9,6.12,50.0,49.714,67.015,53.741,38.272,Low
127,STU20240125,85.3,18.9,8.73,78.633,87.647,84.85,86.633,59.524,High
128,STU20240126,71.8,1.5,5.28,33.332,38.571,31.25,40.519,39.394,Low
129,STU20240127,74.8,15.1,5.57,33.333,33.333,45.203,38.629,65.0,Low
130,STU20240128,64.3,6.8,7.36,48.764,58.947,62.5,57.777,44.444,Medium
131,STU20240129,82.5,12.5,8.27,67.825,76.4,83.667,76.76,48.246,High
132,STU20240130,66.7,6.4,6.36,48.147,57.0,81.932,56.919,41.667,Medium
133,STU20240131,79.3,11.9,7.92,67.593,66.667,86.287,71.758,74.359,High
134,STU20240132,75.3,10.5,8.05,75.001,73.333,66.386,72.918,62.5,Medium
135,STU20240133,89.2,12.2,7.08,57.037,70.0,73.174,68.986,66.667,Medium
136,STU20240134,74.9,6.6,6.33,61.112,63.182,88.89,62.972,43.81,Medium
137,STU20240135,85.0,6.9,6.5,68.889,69.583,75.34,70.652,39.815,Medium
138,STU20240136,75.7,8.2,4.91,44.445,48.308,56.083,48.935,54.545,Low
139,STU20240137,62.1,1.0,4.84,57.78,44.0,55.858,49.479,8.333,Low
140,STU20240138,93.3,15.5,8.09,80.248,84.898,86.08,84.292,73.148,High
141,STU20240139,86.6,9.8,8.04,59.26,62.286,84.723,64.731,56.0,Medium
142,STU20240140,70.0,16.9,6.39,48.888,61.176,67.332,61.655,80.556,Medium
143,STU20240141,90.2,12.9,7.95,68.643,75.128,78.188,73.94,73.333,High
144,STU20240142,69.2,15.6,6.75,63.509,54.795,68.75,60.044,71.154,Medium
145,STU20240143,71.1,4.2,5.52,51.388,49.091,51.25,49.736,27.778,Low
146,STU20240144,54.1,2.2,6.17,40.096,47.826,55.052,47.553,19.192,Low
147,STU20240145,60.8,1.0,5.79,48.148,56.757,58.64,57.279,32.292,Low
148,STU20240146,59.6,11.6,5.88,45.371,38.75,40.585,37.486,58.667,Low
149,STU20240147,57.1,6.2,5.22,46.428,61.951,43.94,58.284,15.238,Low
150,STU20240148,73.6,8.5,6.24,54.772,57.826,73.302,61.755,45.946,Medium
151,STU20240149,68.1,7.3,6.86,71.795,67.586,73.91,70.123,44.444,Medium
152,STU20240150,76.7,15.0,8.23,92.857,89.231,85.835,90.584,43.333,High
153,STU20240151,76.9,9.0,5.88,28.205,33.529,38.96,33.845,78.205,Medium
154,STU20240152,75.2,9.1,5.06,33.055,33.939,40.512,34.705,60.0,Low
155,STU20240153,80.5,13.5,6.5,66.67,66.25,63.54,67.421,75.0,Medium
156,STU20240154,88.9,8.5,7.82,62.5,61.111,76.04,67.568,64.286,Medium
157,STU20240155,77.5,12.1,5.21,56.668,51.429,40.145,51.595,82.456,Medium
158,STU20240156,83.6,7.4,6.29,72.225,61.667,76.73,60.367,54.545,Medium
159,STU20240157,76.1,8.1,6.43,48.53,55.806,74.012,56.884,44.961,Low
160,STU20240158,70.5,10.4,5.58,35.776,48.621,63.848,48.162,58.333,Low
161,STU20240159,63.5,8.5,6.7,50.0,53.333,56.402,58.617,54.762,Low
162,STU20240160,78.1,7.7,6.1,53.705,60.0,66.767,60.916,48.718,Low
163,STU20240161,73.4,12.8,8.19,79.754,91.0,87.102,89.519,60.215,High
164,STU20240162,77.3,1.6,5.4,24.075,46.957,51.53,47.386,26.667,Low
165,STU20240163,86.5,14.5,8.42,80.953,94.0,93.092,92.951,54.167,High
166,STU20240164,76.3,9.6,6.04,40.422,46.667,47.943,43.706,68.0,Low
167,STU20240165,79.7,8.8,6.61,34.92,39.13,59.528,43.762,66.667,Low
168,STU20240166,66.5,7.8,8.13,75.758,76.0,57.14,71.428,33.333,Medium
169,STU20240167,87.1,14.0,6.65,75.764,72.0,88.822,75.577,49.206,Medium
170,STU20240168,64.9,1.5,5.28,36.666,35.897,49.655,41.624,34.483,Low
171,STU20240169,66.1,8.8,6.73,38.888,50.526,61.237,52.894,54.762,Low
172,STU20240170,81.3,14.5,7.66,86.208,90.37,90.635,90.974,36.842,High
173,STU20240171,75.2,6.3,8.08,61.112,86.25,83.24,83.889,38.889,Medium
174,STU20240172,85.6,12.1,6.81,65.721,68.462,78.125,69.574,53.704,Medium
175,STU20240173,69.7,6.3,4.82,37.445,33.077,42.775,33.006,54.545,Low
176,STU20240174,74.8,6.0,6.99,53.823,73.077,81.528,69.424,32.479,Medium
177,STU20240175,100.0,19.6,7.21,87.655,90.345,90.97,90.669,66.667,High
178,STU20240176,76.3,10.4,5.45,25.13,29.474,32.385,28.807,62.5,Low
179,STU20240177,78.2,5.9,6.81,63.999,63.03,79.538,65.868,24.691,Medium
180,STU20240178,83.3,5.1,7.19,64.445,67.0,77.985,70.399,54.167,Medium
181,STU20240179,72.9,13.6,7.26,57.778,63.684,72.478,64.717,64.583,Medium
182,STU20240180,94.3,14.6,6.29,50.981,58.049,59.85,55.257,87.097,High
183,STU20240181,62.7,1.0,4.88,38.035,42.5,60.555,45.433,24.561,Low
184,STU20240182,87.4,5.5,7.58,73.017,80.0,84.722,82.063,49.123,High
185,STU20240183,74.9,17.1,7.04,50.0,48.75,61.372,52.169,61.538,Medium
186,STU20240184,66.5,6.8,6.45,72.222,78.75,78.133,80.016,19.444,Medium
187,STU20240185,82.2,14.0,7.06,74.692,65.789,77.593,68.702,73.118,Medium
188,STU20240186,78.3,13.1,5.37,45.342,41.136,41.666,43.94,58.333,Medium
189,STU20240187,80.0,11.7,7.61,73.833,73.333,72.38,73.881,73.171,Medium
190,STU20240188,80.2,9.3,7.59,86.929,83.75,86.782,84.48,40.741,Medium
191,STU20240189,66.4,1.0,5.15,40.042,38.696,39.205,41.201,14.706,Low
192,STU20240190,62.8,3.8,4.83,22.221,29.688,31.315,27.45,39.13,Low
193,STU20240191,75.3,10.8,7.15,41.666,54.667,61.172,50.55,41.026,Low
194,STU20240192,65.7,16.6,6.41,67.778,62.4,70.362,66.956,55.556,Medium
195,STU20240193,79.6,6.0,6.93,76.924,72.903,77.717,73.882,50.725,Medium
196,STU20240194,87.6,11.4,7.91,56.297,64.286,64.85,64.47,57.971,Medium
197,STU20240195,68.9,9.8,6.13,44.999,49.231,69.577,49.967,41.667,Medium
198,STU20240196,77.1,17.0,6.74,25.923,51.579,49.338,51.956,78.571,Medium
199,STU20240197,88.9,10.5,8.13,91.297,94.737,93.917,94.376,64.583,High
200,STU20240198,71.8,1.0,6.55,38.887,56.471,63.66,54.842,37.333,Low
201,STU20240199,96.1,9.8,7.35,57.681,63.947,76.995,64.981,56.25,Medium
202,STU20240200,76.5,7.6,7.9,60.494,77.241,70.833,75.676,50.794,Low
203,STU20240201,80.4,11.9,6.58,60.511,75.405,84.252,71.993,61.538,Medium
204,STU20240202,86.0,9.8,6.51,56.838,61.778,71.11,63.606,59.14,Medium
205,STU20240203,93.2,13.4,7.12,66.002,78.333,88.714,79.086,57.895,Medium
206,STU20240204,63.6,2.9,4.94,39.15,43.871,49.787,44.962,22.222,Low
207,STU20240205,74.8,8.0,5.49,63.611,68.0,71.875,68.914,37.037,Medium
208,STU20240206,78.7,8.0,7.72,72.728,79.13,71.94,79.166,43.75,High
209,STU20240207,45.7,2.8,4.95,29.721,34.286,42.71,31.926,13.095,Low
210,STU20240208,70.7,9.6,4.78,44.442,30.0,50.0,35.027,40.741,Low
211,STU20240209,82.6,3.6,7.7,80.001,90.0,84.245,88.78,38.889,Medium
212,STU20240210,72.1,8.3,7.04,55.555,56.364,73.215,56.202,43.333,Low
213,STU20240211,93.3,14.2,8.07,100.0,96.25,91.665,97.353,52.778,High
214,STU20240212,76.6,10.3,7.65,88.89,69.565,88.112,73.822,62.5,High
215,STU20240213,85.0,10.5,7.68,51.111,60.513,52.76,58.707,64.286,Medium
216,STU20240214,75.7,6.6,6.42,76.368,80.444,86.917,79.001,29.293,Medium
217,STU20240215,81.6,12.7,8.48,100.0,95.238,94.0,95.667,31.111,High
218,STU20240216,64.5,3.1,6.55,80.556,88.0,87.726,87.796,12.963,Medium
219,STU20240217,87.6,14.1,8.69,87.879,92.692,94.844,91.925,54.286,High
220,STU20240218,80.0,6.4,6.76,42.592,62.727,77.75,62.939,52.941,Medium
221,STU20240219,74.6,8.7,7.36,63.889,69.655,69.75,69.935,56.522,Medium
222,STU20240220,61.1,10.5,7.57,56.445,66.667,51.787,66.462,72.619,Medium
223,STU20240221,86.8,9.6,6.44,60.222,56.757,73.542,63.296,65.432,Medium
224,STU20240222,87.4,11.5,6.79,36.112,64.0,73.757,62.368,66.667,Medium
225,STU20240223,86.0,11.9,6.1,38.887,46.452,62.857,46.734,78.667,Medium
226,STU20240224,78.4,5.0,7.47,71.427,83.75,93.75,82.976,42.857,High
227,STU20240225,81.7,14.1,7.57,67.222,83.529,86.284,82.652,40.476,High
228,STU20240226,79.5,10.2,6.66,40.742,46.957,64.583,51.815,81.25,Medium
229,STU20240227,91.4,1.7,6.33,59.259,68.0,58.93,66.414,37.037,Medium
230,STU20240228,73.1,6.5,6.72,67.576,73.793,71.25,75.544,40.0,Medium
231,STU20240229,79.3,11.5,7.03,79.852,84.211,86.562,83.797,48.387,High
232,STU20240230,70.8,12.4,7.04,59.724,50.667,64.93,54.221,62.821,Medium
233,STU20240231,87.2,14.5,7.58,76.985,76.111,83.572,76.73,43.678,Medium
234,STU20240232,79.5,11.5,7.13,73.148,80.556,76.005,80.539,69.136,High
235,STU20240233,82.1,13.0,7.43,74.073,74.444,73.757,74.285,64.286,Medium
236,STU20240234,69.8,8.0,8.04,96.297,91.111,89.563,91.685,38.462,Medium
237,STU20240235,82.2,16.3,6.99,58.951,71.351,75.954,69.391,71.429,Medium
238,STU20240236,81.5,11.8,6.57,52.888,64.127,75.348,64.449,52.899,Medium
239,STU20240237,84.9,5.6,7.62,53.702,61.905,63.537,57.324,50.0,Medium
240,STU20240238,97.9,21.5,8.7,96.775,98.361,95.388,98.525,88.889,High
241,STU20240239,75.6,1.0,6.87,60.317,69.333,83.567,67.068,16.667,Low
242,STU20240240,73.0,10.9,6.25,61.988,60.0,63.28,62.267,26.437,Low
243,STU20240241,87.1,11.9,7.61,61.906,75.862,85.816,76.546,57.143,High
244,STU20240242,83.6,12.0,6.34,50.202,51.333,66.665,52.451,69.697,Low
245,STU20240243,68.8,7.1,5.5,52.38,66.19,76.278,65.312,34.314,Low
246,STU20240244,87.8,8.2,7.66,84.028,76.129,93.335,80.6,37.037,Medium
247,STU20240245,82.2,1.8,4.9,48.147,46.667,54.41,49.767,50.725,Low
248,STU20240246,72.9,6.5,4.7,32.776,39.444,44.082,37.998,52.564,Low
249,STU20240247,68.0,7.2,5.9,58.332,50.476,78.535,54.016,43.75,Low
250,STU20240248,71.9,5.4,5.48,36.93,36.41,44.86,38.368,48.889,Low
251,STU20240249,80.9,10.1,6.69,45.454,57.931,61.964,58.383,68.116,Medium
252,STU20240250,79.3,11.1,6.89,40.0,56.25,71.083,56.887,41.026,Medium
253,STU20240251,65.0,9.6,5.08,30.862,40.0,35.973,35.843,53.623,Low
254,STU20240252,76.3,12.5,7.49,72.078,74.043,83.69,75.035,63.889,Medium
255,STU20240253,68.0,3.5,6.74,86.42,82.727,88.588,85.263,19.298,Medium
256,STU20240254,91.1,8.1,8.57,100.0,97.778,98.438,98.26,51.282,High
257,STU20240255,63.0,7.0,7.41,81.666,75.294,74.375,76.116,32.143,Medium
258,STU20240256,81.4,12.7,5.85,55.556,55.2,63.3,57.242,55.0,Medium
259,STU20240257,99.1,13.5,8.57,88.89,92.632,95.2,91.824,64.444,High
260,STU20240258,78.7,9.6,6.2,42.995,46.939,59.068,46.106,59.459,Low
261,STU20240259,74.0,10.4,7.59,88.89,88.889,83.75,88.844,57.143,High
262,STU20240260,72.8,5.0,4.47,34.188,26.923,20.66,29.777,43.86,Low
263,STU20240261,88.9,15.3,7.69,88.89,88.276,77.78,88.333,61.905,Medium
264,STU20240262,65.9,12.1,6.12,38.384,43.333,44.118,40.344,56.863,Low
265,STU20240263,85.1,5.0,6.34,58.889,47.692,71.577,50.385,48.485,Low
266,STU20240264,64.1,7.3,7.36,77.778,81.667,87.468,84.14,21.667,Medium
267,STU20240265,83.8,14.6,6.29,41.554,51.765,56.504,50.253,84.615,Medium
268,STU20240266,60.2,1.0,7.22,55.769,62.667,81.06,64.646,14.444,Low
269,STU20240267,77.1,19.9,7.91,83.734,76.957,80.747,79.34,71.569,Medium
270,STU20240268,88.2,13.8,6.16,77.916,73.793,87.798,72.493,82.609,Medium
271,STU20240269,67.8,7.9,6.19,49.12,59.184,63.275,57.948,36.275,Low
272,STU20240270,59.0,2.5,6.3,55.845,64.082,68.462,63.579,41.667,Low
273,STU20240271,78.5,5.8,8.01,87.389,94.146,94.247,93.668,34.375,High
274,STU20240272,72.4,5.9,6.66,55.555,68.667,84.375,67.666,42.063,Medium
275,STU20240273,65.8,8.1,6.53,37.68,52.0,62.05,48.65,27.083,Low
276,STU20240274,80.5,8.9,6.77,52.296,61.579,56.0,57.274,58.621,Medium
277,STU20240275,65.8,1.0,6.0,28.252,33.182,22.24,31.147,29.167,Low
278,STU20240276,69.2,5.1,5.95,41.665,39.5,51.25,41.83,41.111,Low
279,STU20240277,80.0,15.5,7.45,57.083,61.905,64.87,64.903,84.314,High
280,STU20240278,66.3,3.2,7.16,69.445,77.931,78.345,77.45,24.242,Medium
281,STU20240279,79.0,17.7,8.34,90.124,89.565,93.123,91.332,66.667,High
282,STU20240280,71.4,10.2,6.18,39.63,54.118,68.75,54.081,47.619,Medium
283,STU20240281,82.9,11.7,5.55,45.096,43.265,49.651,46.003,80.0,Medium
284,STU20240282,61.9,6.6,6.5,72.224,55.455,62.985,59.861,31.481,Medium
285,STU20240283,71.6,8.5,4.69,19.191,32.0,26.466,27.56,68.254,Low
286,STU20240284,66.1,9.1,7.29,63.89,72.381,72.442,71.777,35.556,Medium
287,STU20240285,76.2,11.9,6.53,42.666,51.111,49.278,49.811,82.54,Low
288,STU20240286,75.1,11.4,5.37,51.11,36.522,48.615,36.88,82.456,Medium
289,STU20240287,84.1,9.4,7.5,79.445,63.529,61.138,64.986,73.81,Low
290,STU20240288,71.7,6.8,5.9,70.141,72.258,80.083,75.072,44.928,Medium
291,STU20240289,74.5,11.7,10.0,97.223,97.941,95.298,97.669,41.667,High
292,STU20240290,62.4,2.5,4.83,48.99,46.818,50.475,52.371,26.126,Low
293,STU20240291,78.6,5.2,4.67,40.278,40.833,48.837,40.14,49.02,Low
294,STU20240292,68.5,5.9,6.65,37.221,54.375,54.86,54.753,23.077,Medium
295,STU20240293,74.2,6.1,6.42,76.014,85.789,84.634,83.748,45.556,Medium
296,STU20240294,72.3,8.5,7.22,79.532,83.077,85.14,84.31,36.782,Medium
297,STU20240295,84.7,18.5,6.57,54.868,58.636,62.005,57.904,94.118,Medium
298,STU20240296,88.6,13.5,6.85,54.166,60.526,61.163,59.092,82.759,Medium
299,STU20240297,84.7,13.3,8.54,95.679,95.556,92.0,95.774,61.905,High
300,STU20240298,68.6,10.1,8.19,75.927,81.333,92.282,83.921,25.0,Medium
301,STU20240299,64.9,6.7,6.66,67.111,65.532,70.148,70.071,24.762,Low
302,STU20240300,92.3,10.4,7.72,79.366,86.154,93.333,85.059,69.444,High
303,STU20240301,84.9,13.1,8.05,91.359,94.444,95.835,94.841,64.583,Medium
304,STU20240302,77.9,5.0,6.89,61.112,86.087,84.17,85.2,18.333,Medium
305,STU20240303,78.2,8.5,7.9,90.197,96.111,96.25,95.419,32.258,High
306,STU20240304,81.0,12.0,9.23,90.024,90.886,98.54,92.203,58.333,Medium
307,STU20240305,75.5,4.0,6.32,46.86,61.702,53.572,57.146,50.476,Low
308,STU20240306,77.7,7.1,5.13,34.482,37.931,36.193,36.697,63.333,Low
309,STU20240307,69.7,7.1,4.36,34.343,38.125,43.087,37.821,49.383,Low
310,STU20240308,66.8,3.0,5.94,41.11,45.238,58.588,46.355,26.667,Low
311,STU20240309,72.0,7.6,7.94,73.334,79.13,80.955,78.42,62.222,Medium
312,STU20240310,79.4,13.1,7.71,94.445,84.762,86.635,85.176,52.632,High
313,STU20240311,78.4,7.8,7.94,80.101,87.826,87.35,88.066,29.825,Medium
314,STU20240312,91.2,10.3,7.41,82.828,80.0,86.36,80.821,60.87,Medium
315,STU20240313,62.3,2.4,5.15,36.802,42.4,43.594,41.504,40.0,Low
316,STU20240314,75.5,9.4,6.93,74.243,89.048,85.865,84.766,47.778,High
317,STU20240315,89.4,12.7,7.21,75.558,74.545,71.69,76.56,59.259,High
318,STU20240316,67.6,13.2,6.83,44.446,52.857,50.297,49.469,75.758,Medium
319,STU20240317,90.0,11.3,8.64,88.89,91.707,92.61,91.241,65.432,High
320,STU20240318,78.7,9.4,7.69,58.888,62.308,64.043,64.954,68.182,Medium
321,STU20240319,77.8,4.9,6.78,64.611,61.143,72.872,63.687,53.333,Medium
322,STU20240320,73.2,15.8,8.06,54.545,76.364,86.285,75.028,68.0,High
323,STU20240321,57.7,4.5,4.36,21.437,28.824,22.352,24.892,44.444,Low
324,STU20240322,72.7,12.9,5.12,51.85,43.529,57.968,48.881,61.905,Medium
325,STU20240323,84.9,14.0,7.25,81.381,80.58,85.917,82.645,61.333,Medium
326,STU20240324,79.8,3.4,6.52,74.27,74.5,91.453,79.483,18.889,Medium
327,STU20240325,75.9,6.5,7.42,82.859,84.762,77.483,84.645,24.444,Medium
328,STU20240326,76.3,10.6,6.96,68.016,77.826,84.11,77.808,43.243,Medium
329,STU20240327,72.0,7.2,5.45,29.736,36.949,50.515,36.518,58.519,Low
330,STU20240328,71.6,2.8,6.65,60.464,53.6,48.75,59.966,38.095,Low
331,STU20240329,75.9,5.9,6.85,79.367,73.333,100.0,77.345,25.0,Medium
332,STU20240330,79.9,4.1,7.77,88.89,85.185,79.61,84.205,42.105,Medium
333,STU20240331,77.9,14.3,6.86,62.626,45.455,54.573,50.046,63.333,Medium
334,STU20240332,75.0,10.1,6.78,31.632,43.226,65.503,46.159,55.072,Medium
335,STU20240333,82.1,14.0,5.83,33.333,38.824,38.75,38.095,64.103,Low
336,STU20240334,87.1,14.6,6.61,41.665,63.529,51.985,58.487,78.571,Medium
337,STU20240335,86.8,10.3,7.24,95.556,90.769,96.875,92.626,55.556,High
338,STU20240336,74.6,13.3,6.96,58.102,56.087,61.99,61.277,67.647,Medium
339,STU20240337,75.5,10.6,8.22,75.926,81.714,73.54,79.201,61.29,Medium
340,STU20240338,83.2,4.4,5.73,47.221,60.0,61.365,60.926,40.741,Medium
341,STU20240339,71.4,12.3,7.96,59.26,74.667,88.89,71.587,47.222,Medium
342,STU20240340,78.5,12.8,7.47,77.355,82.727,89.45,83.528,61.616,High
343,STU20240341,74.7,14.6,7.05,59.352,63.922,61.967,62.05,74.775,Medium
344,STU20240342,79.5,5.1,7.54,83.332,93.636,96.723,93.766,29.412,High
345,STU20240343,68.1,1.0,5.84,77.78,70.0,74.168,76.706,27.778,Medium
346,STU20240344,89.0,9.7,7.4,62.5,68.0,78.41,71.134,70.588,Medium
347,STU20240345,83.1,13.0,6.91,39.903,47.5,55.735,47.194,76.667,Medium
348,STU20240346,73.5,9.4,9.7,97.778,96.522,96.846,97.355,25.926,High
349,STU20240347,91.6,15.0,6.74,75.925,80.0,92.423,80.632,74.359,High
350,STU20240348,100.0,12.9,9.41,95.239,98.571,96.97,98.75,63.889,High
351,STU20240349,87.8,19.1,6.62,50.926,56.19,69.605,58.316,68.627,Medium
352,STU20240350,85.1,6.3,6.68,66.668,57.391,64.028,55.636,57.407,Medium
353,STU20240351,74.3,10.9,7.53,81.722,81.739,88.142,84.623,40.541,Medium
354,STU20240352,77.9,7.6,8.25,54.364,63.86,71.802,62.975,50.0,Medium
355,STU20240353,65.3,7.6,7.33,61.11,67.059,78.473,62.191,28.205,Medium
356,STU20240354,85.2,21.5,8.3,82.859,76.19,80.115,76.215,82.456,High
357,STU20240355,90.2,11.4,6.87,66.612,66.452,69.872,68.333,62.319,Medium
358,STU20240356,93.7,9.7,8.05,71.112,93.684,88.927,91.234,72.917,High
359,STU20240357,63.8,4.9,4.98,59.257,47.5,52.275,48.671,44.444,Low
360,STU20240358,93.1,9.4,7.54,88.035,90.0,89.585,89.402,39.683,Medium
361,STU20240359,92.0,15.9,7.22,70.437,74.615,72.05,75.102,81.982,Medium
362,STU20240360,86.0,13.4,7.18,72.064,79.512,69.79,78.573,40.23,Medium
363,STU20240361,76.6,11.1,8.49,91.989,93.953,93.168,94.979,31.373,High
364,STU20240362,73.5,10.6,6.78,56.996,66.667,67.167,64.234,45.37,Medium
365,STU20240363,62.6,5.4,5.59,51.282,49.286,47.917,51.943,38.095,Low
366,STU20240364,83.2,10.4,6.38,36.111,43.59,67.348,45.244,63.636,Medium
367,STU20240365,89.6,6.9,8.01,82.408,91.25,91.522,90.836,46.491,High
368,STU20240366,89.4,7.6,5.81,36.507,50.526,50.083,49.643,41.667,Low
369,STU20240367,96.6,19.6,6.19,84.198,78.519,69.694,80.938,82.456,Medium
370,STU20240368,67.3,2.8,6.61,72.222,66.667,72.275,67.542,44.444,Medium
371,STU20240369,88.1,9.7,7.74,87.038,87.5,100.0,89.315,21.212,High
372,STU20240370,76.3,8.7,6.68,51.265,55.862,53.63,55.001,60.0,Low
373,STU20240371,75.5,8.1,5.99,24.073,48.571,45.132,45.463,57.895,Medium
374,STU20240372,77.5,9.5,7.08,73.614,77.391,82.1,81.485,46.296,Medium
375,STU20240373,73.8,10.4,9.2,90.742,93.571,93.666,93.146,55.556,High
376,STU20240374,62.5,7.7,6.26,59.26,69.714,75.787,69.778,38.462,Low
377,STU20240375,75.7,9.8,6.88,69.049,69.565,69.688,69.761,60.317,Medium
378,STU20240376,73.4,11.6,6.72,57.593,66.897,81.867,66.832,55.556,Medium
379,STU20240377,78.4,7.5,7.58,77.777,74.286,74.76,77.235,40.0,Medium
380,STU20240378,70.1,7.1,7.27,74.073,83.333,90.415,82.919,23.077,Medium
381,STU20240379,81.3,10.6,6.74,62.499,73.043,55.832,75.282,55.556,Medium
382,STU20240380,83.2,11.4,7.31,52.137,61.818,61.158,65.541,65.385,Medium
383,STU20240381,74.8,9.6,6.81,44.443,55.556,74.85,53.841,66.667,Medium
384,STU20240382,87.0,9.5,6.98,75.556,67.273,81.49,68.291,68.627,Medium
385,STU20240383,75.3,5.7,8.07,92.064,97.872,96.624,96.072,38.739,High
386,STU20240384,77.2,11.8,6.45,47.778,48.837,53.81,47.959,51.852,Low
387,STU20240385,82.3,9.9,6.99,66.667,78.049,88.57,75.425,55.914,Medium
388,STU20240386,83.3,8.3,7.13,79.227,82.381,79.972,82.629,56.19,Medium
389,STU20240387,76.1,4.4,6.16,55.555,61.667,69.497,63.543,28.333,Medium
390,STU20240388,74.8,11.4,5.55,36.665,54.286,60.567,57.098,68.519,Medium
391,STU20240389,74.6,7.8,5.8,46.666,44.0,62.42,47.225,43.81,Medium
392,STU20240390,73.1,8.1,7.01,76.19,73.913,75.488,73.867,56.14,Medium
393,STU20240391,80.6,17.9,8.74,85.789,86.829,83.697,88.373,76.667,High
394,STU20240392,72.7,11.3,6.81,81.737,83.871,94.147,84.35,40.278,High
395,STU20240393,77.4,12.7,7.98,64.446,75.789,81.208,74.845,33.333,Medium
396,STU20240394,82.9,12.3,7.97,54.443,73.793,77.605,69.799,71.212,Medium
397,STU20240395,84.6,13.4,8.55,78.297,85.161,77.207,83.316,51.515,High
398,STU20240396,84.4,16.5,7.2,60.741,58.667,75.0,62.096,69.444,Medium
399,STU20240397,60.2,7.8,7.12,52.02,60.93,74.937,59.354,37.719,Low
400,STU20240398,86.4,9.4,8.52,78.495,75.357,89.632,79.468,54.167,Medium
401,STU20240399,76.3,13.0,6.62,68.89,76.207,78.5,76.098,56.863,Medium
402,STU20240400,76.8,10.0,6.89,39.395,30.0,34.723,28.142,87.719,Low
403,STU20240401,81.0,15.0,7.36,67.66,68.444,75.48,69.401,58.824,Medium
404,STU20240402,78.1,14.5,7.42,75.928,72.857,72.924,71.96,76.19,Medium
405,STU20240403,78.0,11.6,6.83,43.842,48.837,57.295,48.338,83.333,Medium
406,STU20240404,75.2,11.4,5.58,53.409,58.462,61.204,56.057,48.485,Medium
407,STU20240405,86.1,11.4,7.77,94.118,91.515,90.088,92.26,60.92,Medium
408,STU20240406,60.7,2.7,5.96,68.81,77.241,80.833,78.405,13.636,Low
409,STU20240407,89.8,20.3,9.07,88.89,95.294,90.983,93.224,58.974,High
410,STU20240408,76.5,11.0,7.06,84.0,80.513,86.858,83.329,54.444,Medium
411,STU20240409,76.0,10.6,7.31,86.551,75.714,93.465,78.425,57.843,Medium
412,STU20240410,79.3,12.8,5.8,32.222,26.0,37.5,27.141,76.389,Low
413,STU20240411,62.8,11.1,4.98,49.998,42.0,46.62,47.11,54.762,Low
414,STU20240412,68.4,10.7,6.82,70.373,76.0,88.677,80.833,47.619,Medium
415,STU20240413,65.6,5.5,6.13,57.408,63.529,68.54,64.825,37.778,Medium
416,STU20240414,83.3,18.2,7.69,64.645,77.647,85.177,73.93,72.917,Medium
417,STU20240415,72.5,8.5,5.79,37.283,44.167,35.973,42.12,47.619,Low
418,STU20240416,83.4,10.6,8.77,95.767,98.182,92.434,97.626,35.354,High
419,STU20240417,75.2,9.5,7.35,75.928,69.474,75.463,70.27,31.25,Medium
420,STU20240418,84.5,19.1,7.09,66.443,78.889,84.092,79.438,64.444,High
421,STU20240419,87.2,11.4,7.36,80.248,78.4,77.605,82.16,66.667,High
422,STU20240420,82.0,7.5,5.73,37.332,51.429,68.533,53.651,47.222,Low
423,STU20240421,60.2,3.1,7.0,42.424,55.897,62.36,55.792,30.303,Low
424,STU20240422,48.5,5.3,4.0,22.221,27.5,31.805,29.938,52.381,Low
425,STU20240423,80.4,5.2,6.05,68.704,70.526,79.12,71.322,49.593,Medium
426,STU20240424,66.5,6.5,6.6,37.037,46.667,53.26,45.366,55.556,Low
427,STU20240425,65.6,9.6,6.67,53.041,57.5,59.634,58.004,48.039,Medium
428,STU20240426,71.5,11.0,6.9,54.511,74.286,82.768,69.545,61.111,Medium
429,STU20240427,73.1,4.4,5.75,56.976,66.792,69.813,65.148,34.234,Low
430,STU20240428,71.9,6.1,5.32,29.629,25.833,30.167,29.04,71.93,Low
431,STU20240429,65.8,8.8,6.89,58.08,61.277,79.168,63.816,67.816,Medium
432,STU20240430,81.5,9.2,6.73,75.556,80.87,89.917,83.055,43.75,Medium
433,STU20240431,76.7,14.0,6.95,62.962,62.222,81.38,64.471,66.667,Medium
434,STU20240432,74.4,10.2,6.59,31.109,52.903,46.838,46.346,62.5,Low
435,STU20240433,83.7,12.6,7.69,77.129,83.448,79.407,84.987,65.278,Medium
436,STU20240434,92.4,13.4,7.3,75.979,77.561,82.646,77.233,45.455,Medium
437,STU20240435,83.3,11.2,8.29,90.477,92.0,95.835,90.671,45.455,High
438,STU20240436,81.9,11.5,7.91,79.562,83.175,87.826,82.004,55.102,High
439,STU20240437,78.1,5.6,7.83,79.488,80.0,91.53,83.86,35.714,Medium
440,STU20240438,75.5,9.0,4.38,28.118,28.462,31.25,28.359,74.603,Low
441,STU20240439,83.3,10.3,8.16,89.63,94.286,98.958,93.46,50.667,High
442,STU20240440,74.0,3.8,4.54,50.585,59.524,61.667,61.729,22.989,Low
443,STU20240441,57.8,7.6,7.18,61.906,65.333,87.69,69.936,22.727,Medium
444,STU20240442,84.9,8.3,6.7,67.49,62.667,83.24,67.303,62.857,Medium
445,STU20240443,85.8,11.3,6.68,52.777,61.053,60.27,62.723,60.417,Medium
446,STU20240444,86.6,14.4,8.73,77.779,84.0,91.11,82.671,38.889,High
447,STU20240445,100.0,22.4,8.2,49.628,63.636,79.848,64.443,96.154,High
448,STU20240446,81.7,15.7,8.16,75.243,82.857,82.555,80.228,86.047,High
449,STU20240447,82.3,8.1,6.13,44.948,51.613,68.797,52.419,45.333,Low
450,STU20240448,69.3,6.6,4.0,27.642,22.388,24.112,24.41,60.0,Low
451,STU20240449,75.3,6.5,6.81,74.444,75.333,81.335,77.753,34.074,Medium
452,STU20240450,81.9,12.5,5.88,37.776,29.474,30.115,35.318,74.359,Low
453,STU20240451,78.2,5.4,6.35,80.0,80.0,86.54,81.081,33.333,Medium
454,STU20240452,90.3,13.8,5.29,27.777,26.957,39.346,29.803,79.63,Medium
455,STU20240453,77.8,10.7,6.04,46.862,55.758,62.5,54.463,54.667,Medium
456,STU20240454,89.0,8.6,6.61,67.038,71.538,74.542,73.419,70.94,Medium
457,STU20240455,70.0,5.3,6.59,49.145,55.2,72.73,57.415,41.27,Low
458,STU20240456,100.0,16.0,9.03,83.762,86.087,90.487,87.275,65.714,Medium
459,STU20240457,90.2,13.2,7.54,64.358,57.857,71.085,64.73,85.507,High
460,STU20240458,93.0,18.0,8.05,77.78,76.923,84.225,79.357,63.333,Medium
461,STU20240459,81.9,12.8,9.23,92.858,98.065,97.142,98.032,50.667,High
462,STU20240460,89.4,20.9,8.0,86.112,78.889,78.125,80.817,94.872,High
463,STU20240461,68.5,4.4,5.79,31.372,37.333,33.676,35.997,32.323,Low
464,STU20240462,88.5,10.8,7.58,66.548,74.444,83.514,74.84,53.333,Medium
465,STU20240463,83.9,10.1,7.46,66.932,73.846,81.82,72.378,80.208,High
466,STU20240464,60.7,1.0,5.9,30.951,40.0,42.86,38.293,34.783,Low
467,STU20240465,83.8,6.9,7.31,91.112,86.667,93.005,90.339,30.303,Low
468,STU20240466,85.6,18.5,8.63,90.741,96.0,95.528,95.604,73.077,High
469,STU20240467,75.1,6.1,6.04,57.977,71.692,74.682,70.414,22.917,Medium
470,STU20240468,75.1,12.6,6.2,44.444,47.0,61.892,49.369,60.952,Medium
471,STU20240469,75.5,11.2,5.92,64.053,57.419,62.215,57.634,45.833,Low
472,STU20240470,86.0,12.8,7.91,82.224,78.4,89.578,81.425,50.877,Medium
473,STU20240471,72.1,8.8,7.19,69.778,74.222,64.0,75.131,34.444,Medium
474,STU20240472,82.9,8.7,7.25,70.588,86.667,93.75,84.344,33.333,High
475,STU20240473,57.5,4.9,6.08,57.143,67.407,81.943,69.719,17.46,Medium
476,STU20240474,89.1,11.0,8.04,62.963,82.5,88.35,79.362,39.394,Medium
477,STU20240475,75.3,3.3,7.11,66.556,64.878,66.67,66.884,38.235,Medium
478,STU20240476,71.9,11.0,7.1,54.258,56.429,71.008,56.499,59.259,Medium
479,STU20240477,80.3,12.9,6.5,59.247,65.217,71.73,67.262,63.542,Medium
480,STU20240478,71.3,8.5,6.85,59.722,66.875,67.115,68.867,46.667,Medium
481,STU20240479,70.1,7.6,5.71,29.628,41.25,42.857,38.888,55.556,Medium
482,STU20240480,80.9,12.1,7.96,75.185,85.714,87.028,83.604,68.519,High
483,STU20240481,92.4,19.8,6.61,26.826,55.455,58.333,53.599,98.148,Medium
484,STU20240482,86.7,15.4,8.0,74.399,80.0,91.25,80.329,71.569,High
485,STU20240483,76.0,14.6,6.39,49.784,48.986,55.555,50.111,57.823,Medium
486,STU20240484,83.8,5.5,5.25,19.752,29.286,35.765,28.042,54.386,Low
487,STU20240485,78.5,6.5,7.03,88.89,90.0,86.133,91.968,42.222,Medium
488,STU20240486,95.0,13.4,6.86,62.678,66.286,82.755,67.494,75.0,Medium
489,STU20240487,60.4,10.8,5.45,27.776,33.953,34.173,35.478,62.745,Low
490,STU20240488,80.1,12.4,8.31,86.668,90.0,90.977,90.829,37.255,High
491,STU20240489,82.2,12.8,6.45,42.856,50.909,59.114,52.361,80.702,Medium
492,STU20240490,79.7,19.0,8.24,66.414,72.632,69.65,72.464,82.796,Medium
493,STU20240491,87.3,12.5,7.69,80.0,86.4,80.798,84.872,63.158,High
494,STU20240492,80.2,5.3,5.56,33.332,40.833,49.335,43.079,75.0,Low
495,STU20240493,69.5,11.2,5.86,56.798,58.182,70.023,65.075,38.667,Low
496,STU20240494,83.9,8.4,6.38,43.854,52.203,49.308,51.326,41.135,Medium
497,STU20240495,75.9,10.6,6.81,55.879,60.0,64.82,60.336,51.852,Medium
498,STU20240496,76.3,15.6,8.45,90.0,91.333,96.875,92.683,51.282,High
499,STU20240497,89.0,17.1,6.64,72.779,71.667,78.75,70.972,74.667,Medium
500,STU20240498,76.7,7.5,7.4,88.888,79.0,88.875,77.655,48.889,High
501,STU20240499,77.0,11.8,5.91,39.998,44.211,40.91,44.421,52.381,Low
502,STU20240500,83.7,17.0,6.51,53.067,59.592,59.057,60.151,77.143,Medium
503,STU20240501,77.6,8.2,6.91,51.11,59.2,73.443,57.849,49.123,Low
504,STU20240502,81.1,8.8,6.63,44.443,57.143,50.0,59.31,60.0,Medium
505,STU20240503,95.3,14.8,7.04,43.253,57.647,57.29,56.03,91.667,Medium
506,STU20240504,58.8,1.7,5.84,60.785,63.774,69.902,63.952,18.699,Low
507,STU20240505,90.4,9.7,6.87,42.484,48.75,64.583,50.872,69.444,Medium
508,STU20240506,87.9,13.3,6.17,52.778,55.294,61.073,53.434,78.571,Medium
509,STU20240507,81.7,13.4,8.28,97.009,93.962,95.834,95.343,70.833,High
510,STU20240508,59.7,7.9,5.77,67.46,68.148,72.475,68.334,51.515,Medium
511,STU20240509,76.8,4.1,6.85,75.48,79.184,84.305,80.742,17.073,Medium
512,STU20240510,61.3,9.5,6.88,69.578,78.889,80.872,78.376,21.795,Medium
513,STU20240511,78.3,11.2,7.67,71.977,76.667,88.133,77.155,59.259,High
514,STU20240512,78.6,4.6,5.45,40.369,35.0,33.797,35.169,53.03,Low
515,STU20240513,99.2,12.2,7.88,75.556,73.333,84.842,76.704,80.952,High
516,STU20240514,77.4,14.8,6.46,50.0,59.104,59.412,56.969,48.611,Low
517,STU20240515,57.7,3.8,6.95,82.668,86.316,94.624,86.114,28.682,Medium
518,STU20240516,77.8,11.1,6.01,42.222,60.909,71.93,61.816,58.333,Medium
519,STU20240517,67.8,9.5,6.57,47.619,53.913,67.71,56.115,52.632,Low
520,STU20240518,93.1,7.8,6.38,49.383,52.381,55.018,53.751,66.667,Low
521,STU20240519,79.7,10.8,8.11,66.852,73.0,91.612,74.221,42.857,Medium
522,STU20240520,72.7,8.5,6.43,53.334,58.0,67.108,59.049,62.5,Low
523,STU20240521,59.5,8.3,5.26,43.982,42.424,44.704,42.044,69.136,Low
524,STU20240522,80.9,8.5,7.19,82.574,84.118,88.637,85.359,40.476,High
525,STU20240523,77.7,11.7,6.21,59.26,72.308,61.04,68.158,63.889,Medium
526,STU20240524,77.8,12.0,5.58,40.74,43.571,46.148,44.171,72.464,Low
527,STU20240525,72.7,9.5,5.67,43.209,53.81,49.437,49.588,52.381,Low
528,STU20240526,79.5,14.5,7.0,56.789,64.615,70.332,64.786,72.414,Medium
529,STU20240527,84.6,16.1,6.25,51.853,47.059,72.463,46.701,71.429,Medium
530,STU20240528,69.9,5.5,8.01,85.187,82.857,89.34,84.14,33.333,Medium
531,STU20240529,91.3,9.7,6.49,77.964,81.071,90.838,80.727,51.754,Medium
532,STU20240530,83.9,16.1,8.11,77.778,86.087,93.808,88.661,68.75,High
533,STU20240531,86.8,10.4,6.81,61.851,60.0,53.583,60.156,60.0,Medium
534,STU20240532,82.0,11.1,6.85,93.334,81.333,76.39,84.028,77.778,Medium
535,STU20240533,77.0,12.3,7.5,70.753,72.353,73.015,74.424,71.014,Medium
536,STU20240534,73.0,12.0,8.76,88.273,93.143,95.62,92.827,34.568,High
537,STU20240535,62.8,1.0,6.27,62.222,69.474,71.335,66.833,35.556,Low
538,STU20240536,73.5,10.1,8.04,79.896,85.128,93.838,86.38,36.782,High
539,STU20240537,77.1,8.7,7.02,70.767,75.094,87.431,77.019,53.175,Medium
540,STU20240538,91.6,10.4,7.53,69.841,72.093,86.333,73.701,65.591,High
541,STU20240539,69.4,5.3,5.48,65.079,53.684,68.692,58.75,41.667,Medium
542,STU20240540,57.5,7.0,4.74,54.017,54.0,63.333,55.014,23.188,Low
543,STU20240541,91.7,16.6,8.89,91.359,91.304,93.32,92.634,66.667,High
544,STU20240542,93.5,12.2,7.41,70.941,78.824,86.372,79.197,78.571,Medium
545,STU20240543,96.5,18.0,9.01,90.0,94.545,93.75,95.213,87.719,High
546,STU20240544,66.4,13.5,6.9,75.309,76.25,80.193,77.719,38.667,Medium
547,STU20240545,70.3,9.0,7.78,72.891,83.846,84.202,81.618,45.946,Medium
548,STU20240546,85.5,13.9,6.52,39.814,53.636,68.703,55.469,81.481,Medium
549,STU20240547,81.9,4.9,5.48,60.186,66.0,66.862,63.258,42.593,Medium
550,STU20240548,76.6,7.9,6.31,53.016,65.263,78.167,65.515,26.667,Medium
551,STU20240549,80.0,6.9,7.3,77.038,82.0,91.696,84.422,28.736,Medium
552,STU20240550,79.0,7.7,6.97,79.012,80.0,81.283,80.003,58.73,Medium
553,STU20240551,72.3,9.9,8.33,94.445,91.034,93.944,92.936,26.667,Medium
554,STU20240552,75.3,13.8,6.92,62.223,71.538,72.63,69.186,73.684,High
555,STU20240553,79.8,15.9,8.35,73.856,82.353,80.87,82.721,81.481,Medium
556,STU20240554,94.3,11.8,7.52,62.967,69.231,80.48,72.638,83.333,High
557,STU20240555,90.4,11.1,7.73,71.896,72.195,79.665,72.147,64.286,Medium
558,STU20240556,95.3,16.7,9.07,97.661,98.182,100.0,98.155,71.429,High
559,STU20240557,87.6,14.2,7.9,88.888,86.957,93.028,88.353,51.111,High
560,STU20240558,100.0,13.4,7.79,28.518,37.455,36.438,33.856,93.86,Medium
561,STU20240559,81.7,13.9,6.87,67.054,79.535,86.667,78.729,52.083,Medium
562,STU20240560,63.3,6.6,6.73,55.555,65.333,78.67,68.948,38.889,Medium
563,STU20240561,77.7,11.7,8.49,81.197,90.0,97.62,89.805,37.879,High
564,STU20240562,71.5,15.6,7.41,40.74,47.826,46.833,51.072,56.14,Medium
565,STU20240563,77.0,15.4,8.61,86.667,92.683,94.445,93.05,72.043,High
566,STU20240564,79.7,12.4,8.56,93.81,94.545,93.61,95.299,49.02,High
567,STU20240565,100.0,17.2,7.1,73.26,81.923,86.436,81.098,86.842,High
568,STU20240566,80.1,8.9,6.64,44.44,60.0,62.187,64.538,64.103,Medium
569,STU20240567,74.5,10.9,6.04,56.945,48.333,56.875,49.005,63.636,Low
570,STU20240568,80.7,12.5,8.09,61.11,67.059,67.962,66.809,54.762,Medium
571,STU20240569,67.4,6.2,6.68,78.633,83.448,81.153,83.647,22.727,Medium
572,STU20240570,79.3,10.4,6.75,40.766,41.818,54.732,44.586,65.741,Medium
573,STU20240571,98.2,15.5,7.4,90.973,92.973,92.278,93.206,74.444,High
574,STU20240572,68.1,6.7,6.53,37.037,48.333,63.56,49.239,30.0,Low
575,STU20240573,75.1,12.0,6.31,53.038,52.432,60.334,54.672,73.118,Low
576,STU20240574,63.2,8.0,7.18,62.222,76.296,75.344,74.176,31.944,Medium
577,STU20240575,71.3,8.7,7.56,80.405,86.486,95.835,87.37,26.437,Medium
578,STU20240576,75.6,13.2,6.94,79.249,81.538,81.942,82.643,61.24,Medium
579,STU20240577,83.6,12.4,7.11,70.834,76.216,84.375,74.997,62.069,Medium
580,STU20240578,85.0,14.2,6.44,53.889,57.5,73.077,59.754,54.839,Medium
581,STU20240579,72.8,10.7,5.79,28.703,40.455,51.445,38.099,63.81,Low
582,STU20240580,63.1,4.6,5.58,44.444,59.2,77.836,58.069,31.746,Low
583,STU20240581,59.8,6.8,5.56,50.555,55.686,68.057,54.735,37.963,Low
584,STU20240582,81.9,12.9,8.24,82.718,83.158,95.066,85.881,52.941,High
585,STU20240583,78.0,11.7,6.46,43.055,62.105,67.992,63.898,79.167,Medium
586,STU20240584,75.9,7.1,6.4,37.037,55.556,60.982,57.9,52.083,Medium
587,STU20240585,98.4,17.4,6.62,68.4,61.633,76.042,67.121,73.148,High
588,STU20240586,96.6,18.3,8.18,88.889,91.915,92.602,91.927,71.429,High
589,STU20240587,73.1,13.8,7.47,85.47,84.255,84.038,84.538,55.263,High
590,STU20240588,55.4,8.2,5.71,46.465,42.667,50.461,45.777,60.87,Low
591,STU20240589,77.5,12.6,8.12,57.141,74.167,76.39,72.202,60.606,High
592,STU20240590,87.1,11.0,6.41,54.761,66.5,65.51,66.011,55.556,Medium
593,STU20240591,79.9,9.3,5.97,45.029,51.163,64.585,49.832,78.161,Medium
594,STU20240592,91.1,9.2,8.48,82.222,82.105,86.998,83.982,50.98,High
595,STU20240593,93.2,18.7,7.9,79.63,82.727,82.128,82.876,85.185,High
596,STU20240594,95.3,15.7,6.42,40.578,43.077,43.6,46.725,82.857,Low
597,STU20240595,82.0,9.4,7.22,68.518,73.043,75.724,73.846,71.667,Medium
598,STU20240596,80.6,11.8,8.68,91.177,93.134,95.416,93.559,45.833,High
599,STU20240597,76.6,9.7,6.49,66.667,78.462,82.09,75.257,41.667,Medium
600,STU20240598,72.4,11.9,7.58,68.891,76.552,81.63,77.921,63.158,Medium
601,STU20240599,72.3,2.7,5.56,41.874,46.19,40.082,47.483,16.19,Low
602,STU20240600,66.2,1.0,6.9,64.094,71.765,74.988,69.968,10.256,Low
603,STU20240601,73.3,10.0,7.46,74.815,80.0,86.67,79.056,45.614,High
604,STU20240602,87.7,16.0,7.92,82.224,82.857,96.048,82.829,75.926,High
605,STU20240603,91.7,14.0,8.59,82.223,91.111,96.278,89.154,66.667,High
606,STU20240604,92.7,17.9,8.08,61.914,64.923,77.082,65.9,89.583,High
607,STU20240605,72.3,5.7,6.83,82.717,87.826,93.227,90.627,26.316,High
608,STU20240606,70.4,11.2,6.73,67.699,72.857,61.338,71.019,52.174,Medium
609,STU20240607,71.0,11.8,5.75,63.492,63.721,76.587,66.61,63.542,Medium
610,STU20240608,64.6,9.3,7.26,86.112,76.923,83.792,79.083,43.86,Medium
611,STU20240609,88.9,11.9,6.25,48.147,47.368,44.583,44.732,62.222,Low
612,STU20240610,92.2,10.4,6.69,49.999,64.545,56.4,62.067,66.667,Medium
613,STU20240611,96.2,12.2,7.4,75.0,75.833,89.56,79.69,71.667,Medium
614,STU20240612,89.9,18.0,8.95,64.816,66.667,88.098,71.393,84.058,High
615,STU20240613,73.3,1.0,7.32,59.26,85.0,79.706,81.248,25.0,Medium
616,STU20240614,74.9,14.6,6.77,84.315,77.333,90.412,82.901,60.256,Medium
617,STU20240615,83.0,26.8,5.92,69.049,60.0,79.375,62.284,90.0,Medium
618,STU20240616,75.2,11.1,7.35,63.38,71.786,75.378,71.413,50.877,Medium
619,STU20240617,79.2,14.4,7.26,54.041,52.222,70.39,55.251,73.333,Medium
620,STU20240618,100.0,19.3,9.61,94.95,97.5,93.89,96.51,96.296,High
621,STU20240619,88.6,12.2,8.18,93.951,92.727,90.91,92.324,41.27,High
622,STU20240620,79.9,11.0,8.19,90.001,88.696,90.015,90.985,79.365,High
623,STU20240621,75.8,1.0,5.76,49.999,63.846,70.676,64.77,28.571,Low
624,STU20240622,86.5,17.2,9.72,92.963,94.545,98.413,95.589,72.549,High
625,STU20240623,87.8,15.2,6.55,66.667,74.545,84.327,73.191,71.667,Medium
626,STU20240624,85.1,8.9,6.92,68.271,63.333,69.218,64.537,60.317,Medium
627,STU20240625,83.9,9.3,6.39,64.445,60.714,59.583,64.045,69.841,Medium
628,STU20240626,88.7,12.2,7.01,51.349,67.333,84.375,66.857,65.217,Medium
629,STU20240627,70.8,3.1,6.48,74.074,84.242,86.685,86.6,49.333,Medium
630,STU20240628,71.8,10.8,7.34,69.136,77.5,94.91,81.006,38.889,Medium
631,STU20240629,76.3,13.0,7.89,52.778,73.913,72.937,74.45,57.407,Medium
632,STU20240630,84.9,10.4,6.86,67.15,79.07,82.013,77.275,56.566,Medium
633,STU20240631,89.3,10.4,7.54,86.667,87.027,94.684,89.132,55.556,Medium
634,STU20240632,65.3,12.6,7.78,76.815,84.444,89.982,81.767,50.575,High
635,STU20240633,70.2,7.3,7.84,91.668,84.615,93.447,85.194,18.182,Medium
636,STU20240634,76.8,7.8,8.04,88.52,90.667,91.667,90.739,48.148,High
637,STU20240635,86.1,5.6,5.04,41.716,48.148,47.56,47.459,58.333,Medium
638,STU20240636,86.8,8.3,5.55,66.667,66.667,62.614,66.752,63.889,Medium
639,STU20240637,57.3,5.7,6.84,61.439,63.636,73.005,63.261,33.333,Medium
640,STU20240638,79.8,12.3,7.74,69.444,73.81,78.79,75.249,61.616,Medium
641,STU20240639,76.8,8.2,5.16,33.332,46.0,54.95,45.802,66.667,Medium
642,STU20240640,65.7,2.8,4.7,33.333,36.0,32.725,33.532,61.111,Low
643,STU20240641,70.2,5.5,7.41,93.519,95.0,93.132,94.875,20.635,High
644,STU20240642,92.7,8.1,8.33,72.501,90.0,95.075,87.55,46.032,High
645,STU20240643,72.4,9.5,6.69,83.987,86.757,92.188,86.162,55.333,Medium
646,STU20240644,77.5,8.7,6.19,47.555,51.667,63.89,54.055,62.821,Low
647,STU20240645,67.7,6.8,5.65,64.957,66.875,77.632,66.661,31.884,Low
648,STU20240646,74.0,4.3,4.82,50.0,46.667,45.35,47.0,30.0,Low
649,STU20240647,74.0,9.9,7.15,44.691,51.111,49.875,49.356,54.902,Low
650,STU20240648,85.9,10.6,6.97,74.076,73.077,71.327,75.676,61.111,High
651,STU20240649,78.7,4.8,6.0,33.333,51.818,64.087,49.661,33.333,Low
652,STU20240650,72.2,14.9,8.59,66.668,75.0,86.477,75.496,66.667,Medium
653,STU20240651,88.2,16.7,5.93,50.617,61.026,65.183,57.638,79.31,Medium
654,STU20240652,86.4,15.5,8.22,84.446,80.526,82.727,82.942,57.778,High
655,STU20240653,89.0,11.8,7.47,77.78,82.105,83.525,84.668,48.148,Medium
656,STU20240654,79.1,5.3,6.52,35.554,67.2,73.12,64.359,33.333,Medium
657,STU20240655,82.3,17.8,7.34,61.439,60.556,71.44,61.709,88.095,High
658,STU20240656,99.2,13.7,7.73,82.896,88.684,88.293,88.235,74.0,High
659,STU20240657,62.9,4.6,5.71,43.21,57.778,57.735,54.629,25.0,Low
660,STU20240658,63.4,6.1,6.54,83.042,84.186,97.62,86.421,22.549,Medium
661,STU20240659,62.5,10.4,4.22,29.999,26.364,23.375,26.398,43.86,Low
662,STU20240660,78.3,17.1,7.74,72.651,80.0,79.35,78.534,73.077,High
663,STU20240661,88.6,4.8,6.91,75.002,82.5,81.55,83.384,45.238,Medium
664,STU20240662,62.3,9.4,5.73,36.189,47.692,51.587,43.135,47.778,Medium
665,STU20240663,67.0,7.7,4.86,40.171,45.185,39.5,39.519,31.818,Low
666,STU20240664,80.4,8.8,7.74,79.166,73.684,71.427,78.213,38.095,Medium
667,STU20240665,90.3,9.9,8.18,91.667,95.676,91.364,95.603,50.505,Medium
668,STU20240666,87.7,16.9,8.52,77.778,95.0,90.828,94.44,63.333,High
669,STU20240667,81.1,9.5,7.5,61.729,79.0,87.963,77.739,37.778,Medium
670,STU20240668,72.3,6.3,5.45,36.495,50.0,40.698,45.426,34.524,Low
671,STU20240669,93.7,18.2,7.79,88.89,92.414,89.862,93.607,56.0,High
672,STU20240670,62.7,10.1,5.68,41.692,56.5,58.134,52.82,32.292,Medium
673,STU20240671,86.3,11.3,7.92,100.0,96.471,95.833,95.714,51.111,High
674,STU20240672,89.5,14.5,6.79,61.73,72.308,84.97,73.524,75.0,High
675,STU20240673,69.6,9.3,5.91,55.557,43.636,33.133,42.348,79.63,Medium
676,STU20240674,78.0,3.8,5.81,61.538,58.824,56.234,60.739,29.762,Low
677,STU20240675,76.9,1.0,6.13,44.445,48.333,53.336,46.024,31.667,Low
678,STU20240676,98.4,14.7,8.33,71.606,78.889,72.5,77.474,79.167,Medium
679,STU20240677,74.3,16.1,7.72,82.334,83.636,89.91,85.201,63.095,High
680,STU20240678,77.6,12.4,6.91,64.184,55.556,70.194,62.6,60.87,Medium
681,STU20240679,74.4,9.8,6.74,52.777,48.235,55.454,52.889,35.802,Low
682,STU20240680,74.7,14.4,7.96,82.026,89.091,86.2,87.778,57.692,High
683,STU20240681,80.8,7.5,6.16,41.481,40.571,49.537,40.087,47.436,Low
684,STU20240682,86.2,11.6,7.54,62.224,75.294,72.787,71.738,84.615,High
685,STU20240683,77.3,6.8,7.7,66.665,85.833,94.018,84.787,40.351,High
686,STU20240684,79.7,7.5,6.5,48.485,66.087,70.643,64.938,52.632,Medium
687,STU20240685,84.2,13.8,7.01,56.852,66.038,64.498,64.05,77.778,Medium
688,STU20240686,69.0,4.0,6.45,46.034,65.217,71.64,64.354,23.529,Medium
689,STU20240687,88.3,10.7,7.08,54.748,61.395,69.826,61.98,50.0,Medium
690,STU20240688,77.0,14.5,7.35,86.509,85.625,90.625,86.072,41.026,Medium
691,STU20240689,72.5,7.8,5.69,61.11,44.286,54.237,46.954,61.538,Medium
692,STU20240690,67.0,5.5,7.58,90.08,91.628,91.09,90.961,20.43,High
693,STU20240691,87.4,12.3,7.56,77.778,80.0,82.18,81.634,42.424,Medium
694,STU20240692,75.9,8.9,6.25,67.362,80.0,81.665,78.932,44.048,Medium
695,STU20240693,77.8,8.7,6.71,83.333,58.889,78.07,63.938,54.762,Medium
696,STU20240694,70.7,11.3,5.56,47.619,44.242,52.188,47.168,68.056,Low
697,STU20240695,86.2,16.1,7.72,60.685,84.848,91.07,81.514,73.333,High
698,STU20240696,82.1,8.1,6.53,60.319,53.571,67.063,54.112,47.619,Medium
699,STU20240697,61.4,14.1,5.78,37.425,51.111,66.487,53.929,75.0,Medium
700,STU20240698,78.8,8.0,5.66,45.397,45.238,49.473,47.281,67.742,Low
701,STU20240699,80.4,9.9,6.63,70.372,68.235,81.25,69.983,59.524,Medium
702,STU20240700,72.4,15.0,7.08,40.221,67.0,70.177,62.369,77.419,Medium
703,STU20240701,71.1,7.8,6.56,57.842,63.125,57.41,63.342,66.667,Medium
704,STU20240702,72.3,14.2,6.43,82.717,84.39,85.757,84.17,68.687,High
705,STU20240703,87.3,14.4,8.5,90.74,90.286,91.355,90.526,52.874,High
706,STU20240704,72.7,8.6,7.36,73.738,72.381,78.125,72.403,61.404,Medium
707,STU20240705,75.7,7.0,5.37,55.557,45.714,52.866,50.528,35.294,Low
708,STU20240706,74.5,8.9,5.61,53.934,54.286,57.62,56.052,51.961,Medium
709,STU20240707,69.2,16.9,8.13,87.64,85.882,93.466,87.04,66.667,High
710,STU20240708,81.1,13.7,7.34,80.703,75.676,74.859,76.622,62.366,Medium
711,STU20240709,70.3,9.2,4.23,32.407,32.174,39.443,34.957,41.27,Low
712,STU20240710,83.7,11.7,5.69,62.574,63.043,75.166,65.07,50.98,Medium
713,STU20240711,82.6,5.9,7.11,63.859,61.667,72.42,65.514,53.125,Medium
714,STU20240712,63.0,4.8,6.46,47.166,49.143,69.574,51.479,14.286,Low
715,STU20240713,91.6,18.6,8.75,66.668,66.154,80.355,68.19,90.0,High
716,STU20240714,82.0,7.0,6.49,53.802,64.651,72.332,62.423,40.23,Medium
717,STU20240715,80.4,5.6,6.14,37.038,38.75,49.62,35.462,33.333,Low
718,STU20240716,68.4,11.0,6.53,59.877,65.185,73.697,70.534,48.333,Medium
719,STU20240717,86.0,12.1,8.49,95.239,91.429,91.57,92.424,48.062,Medium
720,STU20240718,68.8,7.9,6.95,56.667,52.353,66.827,58.407,55.556,Medium
721,STU20240719,74.7,11.4,7.25,75.834,78.065,84.52,77.626,57.333,High
722,STU20240720,82.5,15.3,8.38,73.458,81.538,84.987,79.804,74.359,Medium
723,STU20240721,87.8,19.1,6.78,65.794,59.535,70.213,64.825,88.889,Medium
724,STU20240722,78.4,13.7,6.49,46.521,66.316,77.777,62.248,54.762,Medium
725,STU20240723,91.0,7.2,7.4,57.574,76.296,84.277,75.903,42.424,Medium
726,STU20240724,68.7,9.0,6.1,49.306,56.429,72.445,57.443,40.58,Low
727,STU20240725,88.0,15.5,7.53,86.692,90.625,94.116,90.63,73.958,High
728,STU20240726,87.8,10.2,7.14,80.001,81.176,89.535,81.222,50.575,Medium
729,STU20240727,69.0,10.5,6.82,48.888,64.0,64.0,63.617,42.308,Low
730,STU20240728,74.5,9.3,7.25,60.0,71.489,82.557,69.869,45.556,Medium
731,STU20240729,78.6,11.3,7.47,52.779,54.074,66.965,59.6,43.939,Medium
732,STU20240730,77.7,1.0,6.14,57.038,68.387,70.41,66.177,37.333,Medium
733,STU20240731,86.8,12.0,6.16,43.333,41.538,44.953,42.671,55.556,Medium
734,STU20240732,77.0,18.7,7.76,93.333,92.121,90.34,91.46,70.37,High
735,STU20240733,79.9,18.0,8.55,90.916,94.237,94.166,94.244,43.182,High
736,STU20240734,73.5,18.1,7.64,59.798,57.288,72.73,59.834,90.244,Medium
737,STU20240735,69.8,11.8,6.52,48.008,56.444,60.732,54.886,55.208,Medium
738,STU20240736,75.2,4.8,6.65,48.457,60.0,71.665,61.336,66.667,Medium
739,STU20240737,88.4,9.3,7.57,82.484,87.692,88.095,87.434,38.272,High
740,STU20240738,63.3,12.7,5.93,42.224,54.737,63.052,56.968,64.912,Low
741,STU20240739,96.6,10.2,8.41,91.668,93.333,95.637,93.82,42.424,Medium
742,STU20240740,73.1,9.2,6.26,44.443,51.429,61.434,56.089,45.833,Medium
743,STU20240741,85.2,11.7,5.86,43.21,40.645,35.065,40.346,59.42,Medium
744,STU20240742,74.0,8.6,7.52,63.888,78.4,70.917,75.363,23.423,Medium
745,STU20240743,94.3,5.6,7.7,65.874,83.871,85.355,82.069,49.383,Medium
746,STU20240744,86.7,11.9,7.34,66.216,70.741,80.004,72.257,60.976,Medium
747,STU20240745,71.9,5.4,7.26,77.13,82.105,90.17,83.787,36.905,Medium
748,STU20240746,86.8,15.3,8.53,95.043,93.571,90.538,95.236,58.333,High
749,STU20240747,84.0,12.3,6.91,65.187,82.0,92.71,80.714,43.137,High
750,STU20240748,75.7,11.4,7.39,46.666,53.846,62.194,55.166,63.333,Medium
751,STU20240749,57.6,1.0,5.5,55.555,66.667,60.895,64.381,16.667,Low
752,STU20240750,92.7,13.3,8.81,91.668,87.2,92.71,87.963,70.175,High
753,STU20240751,80.4,9.7,7.38,63.888,62.581,73.612,62.916,72.0,Medium
754,STU20240752,59.8,10.4,6.65,67.468,66.875,83.092,71.31,25.0,Low
755,STU20240753,79.4,1.1,6.39,83.008,80.0,87.882,80.763,16.049,Medium
756,STU20240754,81.0,8.2,7.29,75.556,80.0,91.62,83.859,68.421,High
757,STU20240755,81.5,11.1,7.18,76.474,78.5,87.373,80.432,70.115,Medium
758,STU20240756,92.6,11.8,7.47,73.505,83.902,80.0,82.984,67.708,High
759,STU20240757,93.8,16.7,6.67,53.913,64.103,70.432,63.761,86.022,Medium
760,STU20240758,76.1,3.9,5.64,62.499,71.579,79.185,70.394,25.49,Medium
761,STU20240759,87.6,13.1,5.11,29.918,31.538,31.456,30.028,78.182,Low
762,STU20240760,66.1,12.4,7.12,76.391,80.0,88.0,79.83,39.683,Medium
763,STU20240761,71.7,3.0,6.61,54.972,57.143,46.3,53.365,34.483,Low
764,STU20240762,76.7,7.1,6.06,36.664,53.103,52.218,52.875,63.636,Low
765,STU20240763,65.1,2.2,7.51,72.14,73.016,84.999,74.787,19.728,Low
766,STU20240764,84.3,12.0,6.49,48.108,48.276,49.277,49.438,65.152,Low
767,STU20240765,60.4,5.1,4.59,19.666,37.931,40.312,34.833,19.048,Low
768,STU20240766,68.8,5.9,8.52,82.001,86.4,84.654,86.11,33.333,Medium
769,STU20240767,78.3,11.7,6.55,68.52,62.5,75.18,69.536,71.93,Medium
770,STU20240768,77.3,10.8,8.05,90.476,91.538,95.832,91.23,25.758,Medium
771,STU20240769,76.8,14.5,7.77,71.112,61.053,75.067,63.048,61.538,Medium
772,STU20240770,69.7,15.1,5.63,50.0,41.818,63.69,44.622,86.667,Medium
773,STU20240771,97.7,12.2,6.56,72.222,80.0,83.06,80.135,71.429,High
774,STU20240772,78.8,3.4,6.61,72.224,70.37,79.822,73.711,31.532,Low
775,STU20240773,76.6,8.5,6.47,56.826,61.739,77.925,63.485,40.541,Low
776,STU20240774,91.2,14.7,7.46,88.89,85.455,89.585,87.476,66.667,High
777,STU20240775,88.7,6.2,8.04,90.477,85.0,96.932,88.371,23.81,Medium
778,STU20240776,96.6,13.7,7.8,86.668,92.0,89.583,90.655,66.667,High
779,STU20240777,78.9,11.2,7.97,54.63,72.0,71.875,66.073,57.895,Medium
780,STU20240778,75.4,7.5,6.16,60.37,64.0,57.714,62.754,19.048,Low
781,STU20240779,79.5,13.1,7.01,66.667,71.613,81.15,72.605,50.0,Medium
782,STU20240780,74.6,13.5,8.33,86.42,91.765,90.625,91.643,51.282,High
783,STU20240781,84.2,7.9,5.5,50.791,46.087,49.583,42.613,54.167,Low
784,STU20240782,87.1,8.6,8.43,82.639,84.615,82.438,85.051,47.778,High
785,STU20240783,71.5,12.6,7.72,87.989,90.824,94.727,91.439,52.727,High
786,STU20240784,87.8,11.8,7.39,70.371,87.692,85.75,84.745,45.614,Medium
787,STU20240785,77.7,16.5,6.97,70.499,71.111,74.134,72.436,90.196,Medium
788,STU20240786,85.0,8.5,6.8,73.334,67.857,71.427,72.197,36.508,Medium
789,STU20240787,59.7,1.0,5.21,40.278,45.0,49.065,45.543,27.778,Low
790,STU20240788,78.8,8.9,5.88,62.964,56.316,61.251,58.468,61.905,Low
791,STU20240789,72.0,9.2,6.64,52.222,65.333,73.587,65.971,30.556,Low
792,STU20240790,78.3,10.0,7.2,60.432,75.484,77.085,72.357,54.167,Medium
793,STU20240791,80.7,9.3,7.92,85.513,86.75,91.162,87.292,48.276,Medium
794,STU20240792,80.5,12.4,6.12,48.888,55.714,72.458,56.838,74.603,Low
795,STU20240793,74.1,3.3,5.24,41.396,46.866,51.562,46.27,31.293,Low
796,STU20240794,53.8,4.5,6.55,62.593,75.0,71.467,71.815,44.715,Medium
797,STU20240795,79.1,12.6,9.04,91.181,96.842,97.048,96.054,43.434,High
798,STU20240796,69.8,7.5,5.7,33.333,45.714,42.804,42.903,42.529,Low
799,STU20240797,65.8,6.1,7.11,66.667,52.222,68.057,55.952,45.833,Low
800,STU20240798,94.5,17.7,7.45,76.544,74.074,85.417,78.558,89.474,Medium
801,STU20240799,81.1,11.6,6.32,51.852,59.355,65.725,57.759,65.476,Low
802,STU20240800,71.1,10.3,6.86,74.999,79.355,88.023,81.495,32.143,Medium
803,STU20240801,59.2,5.6,5.81,44.445,45.455,53.887,47.936,39.216,Low
804,STU20240802,88.1,9.4,6.62,64.445,57.895,82.363,58.624,58.621,Medium
805,STU20240803,81.0,6.7,5.75,77.351,79.091,85.53,81.028,26.471,Medium
806,STU20240804,78.1,5.0,7.89,52.38,56.429,79.792,62.334,56.061,Medium
807,STU20240805,81.9,10.7,5.73,62.29,70.0,74.302,69.117,66.667,Medium
808,STU20240806,77.0,13.7,6.56,56.566,60.465,68.925,62.412,59.375,Medium
809,STU20240807,85.1,14.8,6.96,60.742,67.541,63.214,66.821,61.905,High
810,STU20240808,74.5,8.3,7.46,56.945,80.87,83.83,78.4,47.619,High
811,STU20240809,72.2,13.2,5.2,49.305,53.617,56.422,53.376,60.526,Medium
812,STU20240810,96.9,15.6,8.58,89.445,97.0,100.0,95.608,80.0,High
813,STU20240811,81.9,11.8,6.63,57.037,67.027,78.288,66.621,67.816,Medium
814,STU20240812,79.3,10.2,8.4,77.316,87.586,88.33,87.896,62.821,High
815,STU20240813,90.3,9.9,7.03,68.334,75.152,79.165,75.013,55.172,Medium
816,STU20240814,78.4,14.2,5.16,23.456,30.769,51.518,32.606,90.0,Medium
817,STU20240815,84.9,8.9,6.1,51.271,57.931,67.965,55.914,46.667,Medium
818,STU20240816,74.9,4.8,7.55,53.702,70.968,61.34,66.952,52.778,Medium
819,STU20240817,76.7,11.6,6.72,41.573,51.304,51.785,48.829,65.741,Medium
820,STU20240818,70.0,5.0,6.25,69.445,76.25,76.41,74.799,5.556,Medium
821,STU20240819,82.5,10.1,6.97,47.509,51.692,49.657,50.679,66.667,Medium
822,STU20240820,76.4,8.8,5.62,34.583,32.958,42.425,35.034,55.102,Low
823,STU20240821,73.7,9.0,4.71,18.18,36.19,31.25,29.167,41.176,Low
824,STU20240822,68.5,1.0,5.35,37.222,46.667,53.217,47.623,39.08,Low
825,STU20240823,88.0,9.3,6.16,52.526,52.0,60.967,55.731,53.333,Low
826,STU20240824,83.8,3.2,6.94,66.565,61.739,73.865,65.127,39.216,Medium
827,STU20240825,75.7,8.6,6.25,77.778,81.176,79.335,82.673,58.974,Low
828,STU20240826,76.0,12.6,7.21,51.667,55.0,59.765,58.604,53.03,Medium
829,STU20240827,65.7,1.0,5.68,58.89,55.692,76.848,61.887,13.889,Low
830,STU20240828,93.5,12.6,8.35,96.032,97.333,94.307,96.98,49.275,High
831,STU20240829,99.2,12.5,9.02,81.48,98.571,100.0,97.362,84.615,High
832,STU20240830,70.2,15.8,7.17,49.321,52.581,65.894,53.882,58.333,Low
833,STU20240831,71.0,8.7,7.97,71.515,74.091,83.78,77.07,43.75,Medium
834,STU20240832,71.2,5.1,7.32,89.334,91.818,88.983,91.342,25.253,Medium
835,STU20240833,94.8,12.9,9.76,95.0,98.571,98.413,98.319,63.889,High
836,STU20240834,67.1,9.5,7.03,56.996,56.667,60.44,57.992,45.714,Medium
837,STU20240835,78.4,3.5,6.29,66.667,61.0,68.887,63.936,37.778,Low
838,STU20240836,83.6,15.3,6.67,53.03,53.171,38.957,50.158,69.792,Medium
839,STU20240837,97.5,14.5,8.53,93.435,95.294,90.625,94.882,52.381,High
840,STU20240838,66.1,6.2,5.14,43.137,48.8,43.413,46.509,17.46,Low
841,STU20240839,98.4,9.8,7.61,81.945,75.455,70.305,75.888,70.37,Medium
842,STU20240840,76.9,15.8,5.94,48.609,73.333,66.218,70.836,70.833,Medium
843,STU20240841,86.4,12.7,6.65,40.579,50.87,52.3,49.769,86.667,Medium
844,STU20240842,71.3,12.7,8.74,96.112,95.61,93.448,95.226,49.02,High
845,STU20240843,69.2,8.8,7.27,74.122,71.282,73.546,72.965,41.935,Low
846,STU20240844,69.2,8.9,6.57,51.297,55.556,55.015,56.855,36.905,Low
847,STU20240845,71.5,6.5,7.25,74.606,88.421,94.918,89.719,31.25,Low
848,STU20240846,76.6,14.9,5.47,32.715,29.778,34.34,31.088,81.982,Medium
849,STU20240847,54.9,1.3,4.73,26.613,33.548,26.634,31.482,27.16,Low
850,STU20240848,67.5,3.3,5.78,49.999,47.879,59.824,47.549,21.333,Low
851,STU20240849,90.3,15.5,8.35,88.89,92.381,90.312,92.009,63.158,High
852,STU20240850,68.7,13.0,5.59,33.333,35.89,33.488,35.715,67.949,Low
853,STU20240851,90.0,13.4,6.75,39.925,58.571,71.288,55.853,55.556,Medium
854,STU20240852,83.1,10.7,6.6,64.446,55.238,67.188,55.139,66.667,Medium
855,STU20240853,78.6,16.2,6.93,46.031,61.29,81.693,61.029,69.048,Medium
856,STU20240854,83.7,10.1,6.63,55.557,62.857,65.243,59.179,50.0,Medium
857,STU20240855,87.0,14.6,9.21,88.89,91.538,91.938,91.682,62.963,High
858,STU20240856,79.3,10.6,7.43,55.555,70.435,78.545,69.801,64.706,Medium
859,STU20240857,93.3,17.1,8.22,83.334,88.462,91.413,87.486,53.623,High
860,STU20240858,68.6,8.1,5.3,29.63,42.857,42.992,43.116,52.778,Low
861,STU20240859,78.5,11.8,6.93,62.501,64.103,65.81,61.802,65.625,Medium
862,STU20240860,76.1,12.6,6.42,55.556,57.895,72.545,59.77,68.966,Medium
863,STU20240861,65.5,9.5,6.57,51.112,52.941,49.858,54.375,28.571,Low
864,STU20240862,81.7,11.1,6.61,63.89,72.174,81.404,72.173,52.632,Medium
865,STU20240863,69.3,7.2,6.33,66.668,74.783,70.488,73.95,46.667,Medium
866,STU20240864,66.0,4.8,5.58,33.33,43.333,38.75,40.781,36.667,Low
867,STU20240865,72.9,8.5,5.35,33.332,47.059,65.387,44.482,59.524,Low
868,STU20240866,80.3,10.2,8.17,85.898,89.744,90.94,89.594,47.126,High
869,STU20240867,70.1,7.2,6.96,65.279,69.286,81.032,72.593,38.095,Medium
870,STU20240868,70.8,4.2,6.44,45.27,56.562,54.982,55.635,31.915,Low
871,STU20240869,76.4,13.7,8.12,83.838,90.732,86.395,90.202,47.475,Medium
872,STU20240870,72.7,8.2,7.11,44.443,58.125,72.648,61.322,51.282,Low
873,STU20240871,72.1,2.5,6.7,65.873,63.871,58.328,65.996,41.975,Medium
874,STU20240872,93.1,16.7,10.0,100.0,100.0,96.78,100.0,45.614,High
875,STU20240873,83.0,9.7,6.62,56.725,66.875,79.445,66.335,54.667,Medium
876,STU20240874,78.6,7.7,6.17,56.565,72.0,78.495,75.644,47.619,Medium
877,STU20240875,75.7,8.6,6.88,69.332,72.0,86.18,71.013,64.103,Low
878,STU20240876,80.9,12.0,5.69,57.78,54.667,52.712,59.728,63.889,Medium
879,STU20240877,93.5,14.0,5.9,39.241,35.385,41.0,37.609,95.238,Medium
880,STU20240878,87.0,15.0,7.93,74.444,73.182,80.027,72.756,74.074,Medium
881,STU20240879,75.6,9.6,7.04,70.115,76.957,78.461,77.81,45.045,Medium
882,STU20240880,97.9,15.7,7.72,91.919,92.593,79.005,91.976,66.667,High
883,STU20240881,68.3,1.0,7.43,86.869,80.741,88.336,85.876,21.739,Low
884,STU20240882,76.9,13.7,7.8,84.617,85.652,86.383,89.006,54.955,High
885,STU20240883,78.9,8.5,6.16,38.088,57.619,49.62,51.917,52.222,Low
886,STU20240884,75.9,10.3,8.8,85.187,91.176,91.85,89.148,44.0,Medium
887,STU20240885,90.9,15.1,8.05,60.316,80.741,90.625,80.868,63.333,High
888,STU20240886,87.0,9.8,8.14,61.11,76.0,80.723,73.775,83.333,Medium
889,STU20240887,68.5,4.7,8.08,83.335,89.63,94.602,90.633,26.316,Medium
890,STU20240888,70.4,1.0,4.22,30.246,32.941,27.273,32.351,65.333,Low
891,STU20240889,78.2,6.5,6.76,64.2,65.556,71.29,65.63,34.568,Low
892,STU20240890,73.0,7.6,6.81,63.636,72.571,85.358,71.387,51.852,Medium
893,STU20240891,80.5,15.6,7.76,84.363,89.2,92.416,90.337,80.488,High
894,STU20240892,87.3,15.4,7.69,80.556,76.667,93.54,76.483,69.697,Medium
895,STU20240893,83.2,10.1,8.08,90.535,88.333,94.147,90.769,37.963,High
896,STU20240894,79.3,12.6,7.31,65.74,72.5,76.253,75.819,51.282,Medium
897,STU20240895,100.0,19.6,9.58,92.362,93.714,95.42,92.919,96.429,High
898,STU20240896,77.5,9.5,6.19,48.147,60.714,50.87,55.355,58.73,Low
899,STU20240897,63.2,1.1,5.33,42.222,46.792,54.86,48.405,44.444,Low
900,STU20240898,66.6,11.1,8.63,94.445,90.526,98.147,90.81,44.444,High
901,STU20240899,94.8,8.1,7.02,68.556,72.222,76.19,73.028,42.529,Medium
902,STU20240900,73.8,7.3,6.75,42.369,43.077,52.142,47.538,61.667,Low
903,STU20240901,93.2,16.1,7.56,75.46,83.137,78.645,81.597,64.035,High
904,STU20240902,56.0,1.0,5.64,46.296,56.25,64.493,55.044,13.095,Low
905,STU20240903,90.5,14.2,8.83,100.0,87.059,100.0,88.809,59.524,Medium
906,STU20240904,70.8,7.4,6.55,52.963,67.097,74.173,65.341,24.638,Low
907,STU20240905,81.5,8.7,7.4,55.56,61.333,68.75,61.044,56.41,Medium
908,STU20240906,75.1,5.8,6.89,72.78,85.6,95.06,86.295,34.848,Medium
909,STU20240907,87.8,15.9,7.51,81.48,90.667,95.918,91.19,85.714,High
910,STU20240908,79.7,6.5,7.86,74.934,79.024,91.77,79.276,24.242,Medium
911,STU20240909,62.3,12.5,6.67,87.461,89.143,90.64,91.2,51.282,High
912,STU20240910,73.2,4.7,7.16,55.555,67.059,66.665,68.26,41.026,High
913,STU20240911,54.4,10.6,5.19,34.443,42.941,51.602,41.171,44.444,Low
914,STU20240912,82.3,14.8,7.19,61.236,73.333,83.835,72.826,58.333,Medium
915,STU20240913,86.8,11.7,6.89,64.825,66.197,70.277,68.971,63.265,Medium
916,STU20240914,64.5,2.1,5.47,31.11,39.167,53.891,45.581,48.148,Low
917,STU20240915,69.0,15.4,7.49,54.861,63.846,74.567,66.493,57.576,High
918,STU20240916,75.2,4.5,8.37,95.96,92.727,98.28,94.412,17.333,High
919,STU20240917,68.7,4.4,7.97,60.131,68.696,86.0,67.241,31.818,Low
920,STU20240918,77.3,11.9,6.92,50.462,60.408,67.71,58.102,39.815,Medium
921,STU20240919,58.9,3.7,6.45,57.052,60.0,56.53,63.009,11.765,Low
922,STU20240920,81.9,13.3,7.46,67.901,71.111,82.44,73.363,55.556,Medium
923,STU20240921,69.9,9.2,5.94,44.444,51.333,46.55,47.87,39.744,Medium
924,STU20240922,68.7,7.4,7.04,66.741,73.704,85.88,74.498,35.0,Medium
925,STU20240923,89.8,11.9,7.8,100.0,96.25,93.75,97.492,33.333,High
926,STU20240924,73.3,5.6,5.25,44.575,44.118,49.3,47.218,25.333,Low
927,STU20240925,91.2,10.0,6.86,59.814,68.214,73.975,65.805,58.14,Medium
928,STU20240926,84.9,14.2,6.5,42.856,54.737,43.25,49.478,81.25,Low
929,STU20240927,75.5,10.5,8.24,100.0,70.0,83.59,72.602,63.889,High
930,STU20240928,74.5,1.0,5.03,43.368,49.355,53.888,50.606,48.148,Low
931,STU20240929,95.9,16.0,6.24,53.334,55.0,47.313,52.429,71.795,Medium
932,STU20240930,81.1,5.9,6.15,38.411,45.098,40.916,45.443,57.895,Low
933,STU20240931,65.7,9.3,6.58,70.37,77.895,86.162,78.599,17.647,Medium
934,STU20240932,77.7,14.3,6.89,41.666,58.182,67.312,55.922,43.75,Medium
935,STU20240933,71.4,1.0,6.23,38.889,56.429,60.062,57.61,23.611,Low
936,STU20240934,75.6,6.7,6.27,71.607,61.481,59.583,62.808,42.857,Medium
937,STU20240935,65.5,8.0,6.83,61.69,62.857,70.765,64.759,25.0,Low
938,STU20240936,82.6,9.9,7.0,41.88,47.273,41.408,47.383,58.621,Medium
939,STU20240937,79.8,9.2,8.56,81.606,74.167,80.418,77.038,55.856,Medium
940,STU20240938,82.2,7.4,6.54,62.625,62.286,59.15,64.527,50.617,Medium
941,STU20240939,64.6,6.8,8.72,92.223,92.941,98.438,93.876,26.923,Medium
942,STU20240940,65.1,5.6,7.05,68.112,69.545,86.688,73.581,39.64,Medium
943,STU20240941,84.3,14.6,6.21,48.148,58.824,70.812,60.013,74.074,Medium
944,STU20240942,72.3,5.7,5.58,40.381,40.0,37.583,40.978,43.939,Low
945,STU20240943,78.8,15.0,7.97,74.143,83.0,83.46,81.484,38.889,Medium
946,STU20240944,89.3,16.0,5.36,32.221,45.634,52.922,43.909,66.667,Medium
947,STU20240945,94.2,15.4,8.74,88.89,85.714,87.313,88.592,90.909,High
948,STU20240946,77.5,11.6,6.54,55.863,58.75,56.868,58.914,62.963,Medium
949,STU20240947,67.8,8.0,6.41,77.351,80.645,90.15,76.299,16.667,Medium
950,STU20240948,75.7,14.9,7.26,63.581,69.412,85.778,73.35,35.714,Medium
951,STU20240949,62.8,1.0,4.41,25.757,28.0,24.312,27.149,32.292,Low
952,STU20240950,85.5,14.6,7.44,91.667,89.677,100.0,90.58,71.014,High
953,STU20240951,81.1,14.5,6.78,42.064,48.696,56.0,49.927,63.158,Medium
954,STU20240952,63.2,4.0,5.38,36.11,37.143,44.317,39.814,60.0,Low
955,STU20240953,86.6,13.6,7.41,44.445,78.571,83.0,77.061,76.667,High
956,STU20240954,87.0,10.3,7.59,85.714,75.0,81.982,78.906,71.605,High
957,STU20240955,94.5,17.4,7.29,68.254,80.0,91.65,80.06,72.619,High
958,STU20240956,78.4,10.3,7.59,61.376,56.571,52.42,57.801,41.975,Medium
959,STU20240957,66.2,4.6,5.11,31.313,35.2,46.875,35.664,36.667,Low
960,STU20240958,56.5,4.9,4.63,33.917,37.576,35.88,37.316,41.667,Low
961,STU20240959,83.0,7.2,7.16,68.52,84.444,87.665,83.475,31.111,Medium
962,STU20240960,71.0,3.2,6.6,88.89,70.769,62.5,72.857,36.667,Medium
963,STU20240961,70.1,9.1,5.71,57.778,65.385,67.13,67.832,31.667,Low
964,STU20240962,77.9,4.7,6.21,50.0,67.273,82.318,69.237,35.556,Medium
965,STU20240963,74.3,9.2,7.6,93.651,90.0,79.523,87.336,37.255,High
966,STU20240964,73.1,3.2,6.0,39.166,51.0,58.68,47.051,33.333,Low
967,STU20240965,84.6,11.0,7.1,62.963,72.381,79.375,70.531,66.667,Medium
968,STU20240966,71.0,1.0,6.12,42.061,51.724,66.67,49.779,54.167,Medium
969,STU20240967,95.5,17.8,5.54,53.65,41.714,44.65,44.476,75.0,Low
970,STU20240968,81.4,6.8,8.02,90.196,93.333,94.865,93.991,37.5,High
971,STU20240969,85.6,12.3,7.99,77.885,84.898,91.22,84.286,77.193,High
972,STU20240970,88.7,13.8,8.08,84.816,91.2,86.54,89.181,50.926,Medium
973,STU20240971,86.0,15.7,7.1,67.13,70.909,81.57,69.535,61.905,Medium
974,STU20240972,100.0,10.2,7.17,69.137,77.391,85.355,78.651,68.519,Medium
975,STU20240973,70.6,6.3,7.49,77.779,79.062,83.652,79.998,30.303,Medium
976,STU20240974,80.3,13.8,8.3,100.0,92.632,93.196,94.081,80.952,High
977,STU20240975,84.2,8.3,5.96,40.24,39.0,43.882,42.568,75.0,Low
978,STU20240976,89.2,11.9,5.75,44.44,44.444,44.813,49.218,76.19,Medium
979,STU20240977,71.4,3.0,5.69,35.554,50.526,54.982,49.672,41.667,Low
980,STU20240978,79.3,11.8,7.66,80.002,88.889,92.267,89.78,64.103,High
981,STU20240979,74.7,6.5,6.01,57.037,46.667,57.72,47.321,22.222,Low
982,STU20240980,81.7,9.8,8.31,83.335,87.5,91.18,88.292,66.667,High
983,STU20240981,75.1,7.0,5.46,42.632,44.091,45.65,45.061,47.475,Low
984,STU20240982,97.8,12.9,7.83,82.224,89.0,91.857,85.798,49.02,High
985,STU20240983,99.9,18.9,7.87,72.222,82.5,95.312,82.687,88.095,High
986,STU20240984,62.6,6.2,5.38,34.722,37.736,56.35,38.997,42.105,Low
987,STU20240985,71.6,6.8,6.25,47.619,50.857,57.7,53.337,46.914,Low
988,STU20240986,56.6,5.6,4.91,37.373,36.667,28.787,33.413,50.794,Low
989,STU20240987,94.9,11.2,7.64,72.382,79.726,90.242,80.277,58.0,Medium
990,STU20240988,75.4,9.5,7.46,62.47,68.235,78.158,70.758,51.351,Medium
991,STU20240989,78.8,11.9,5.71,60.869,60.909,67.943,63.966,58.586,Medium
992,STU20240990,58.8,4.7,5.1,31.728,27.619,45.855,33.072,55.556,Low
993,STU20240991,56.9,1.2,6.2,52.38,54.444,75.475,58.413,11.905,Low
994,STU20240992,61.5,10.7,6.93,59.127,60.69,67.917,62.066,46.377,Low
995,STU20240993,56.6,1.9,4.08,34.191,35.094,38.1,36.873,27.027,Low
996,STU20240994,74.2,8.2,5.96,30.555,60.0,70.163,58.942,36.667,Low
997,STU20240995,80.3,9.1,8.6,94.815,96.552,94.05,96.605,28.395,High
998,STU20240996,90.6,9.5,6.69,71.757,65.882,65.377,67.14,46.528,Medium
999,STU20240997,82.6,9.0,8.08,81.112,82.951,88.755,83.999,40.909,Medium
1000,STU20240998,71.5,6.5,5.85,47.863,49.091,57.64,49.131,53.623,Low
1001,STU20240999,89.5,12.7,6.59,41.175,51.111,61.497,53.471,69.048,Medium
1002,STU20241000,79.8,8.5,7.76,65.98,65.5,74.445,68.596,54.444,Medium
